variant,hist_sharpe,hist_ann_return_on_capital,hist_max_drawdown_share,hist_final_equity_share,hist_avg_invested_share,hist_worst_unrealized_share,hist_max_invested_share,hist_longest_hold_days,hist_longest_underwater_days,hist_n_trades,hist_n_losing_closed,hist_const_sharpe,hist_const_ann_return_on_capital,hist_const_max_drawdown_share,hist_const_final_equity_share,hist_const_worst_below_start_share,hist_const_longest_underwater_days,asis_ann_return_median,zero_ann_return_median,asis_ann_return_p05,zero_ann_return_p05,asis_sharpe_median,zero_sharpe_median,asis_avg_invested_median,zero_avg_invested_median,asis_worst_unrealized_median,zero_worst_unrealized_median,asis_worst_unrealized_p05,zero_worst_unrealized_p05,asis_worst_unrealized_p01,zero_worst_unrealized_p01,asis_max_drawdown_median,zero_max_drawdown_median,asis_max_drawdown_p05,zero_max_drawdown_p05,asis_longest_underwater_median,zero_longest_underwater_median,asis_longest_underwater_p95,zero_longest_underwater_p95,asis_p_hold_over_1y,zero_p_hold_over_1y,asis_p_underwater_over_1y,zero_p_underwater_over_1y,asis_p_loss_after_5y,zero_p_loss_after_5y,asis_const_ann_return_median,zero_const_ann_return_median,asis_const_max_drawdown_median,zero_const_max_drawdown_median,asis_const_max_drawdown_p05,zero_const_max_drawdown_p05,asis_p_rule_return_above_const,zero_p_rule_return_above_const,asis_p_rule_drawdown_smaller_than_const,zero_p_rule_drawdown_smaller_than_const
lots1_holdnone_g0.02,0.9579,0.0800,-0.1711,0.3806,0.2357,-0.1704,0.3400,334,333,65,0,0.9414,0.0821,-0.1549,0.3906,-0.0581,331,0.0955,0.0104,0.0196,-0.0412,0.9165,0.1164,0.3155,0.3277,-0.1419,-0.1939,-0.2119,-0.2725,-0.2519,-0.2977,-0.1434,-0.1954,-0.2128,-0.2738,324.0000,709.0000,836.0000,1216.0000,0.6850,0.9660,0.6620,0.9640,0.0180,0.4120,0.1122,0.0219,-0.1615,-0.2474,-0.2870,-0.4755,0.1500,0.2720,0.9490,0.9890
lots1_holdnone_g0.04,0.8655,0.0737,-0.1824,0.3507,0.2429,-0.1711,0.3392,407,333,34,0,0.9414,0.0846,-0.1597,0.4026,-0.0598,331,0.0959,0.0093,0.0190,-0.0421,0.8919,0.1013,0.3244,0.3309,-0.1415,-0.1934,-0.2119,-0.2718,-0.2519,-0.2969,-0.1454,-0.1969,-0.2150,-0.2754,331.5000,718.0000,847.1000,1217.0000,0.7350,0.9790,0.6810,0.9680,0.0150,0.4280,0.1146,0.0221,-0.1655,-0.2499,-0.2952,-0.4782,0.0660,0.2230,0.9680,0.9910
lots1_hold120_g0.02,0.9226,0.0706,-0.1347,0.3358,0.1929,-0.1270,0.3400,121,366,97,2,0.9414,0.0672,-0.1268,0.3197,-0.0475,331,0.0997,0.0187,0.0251,-0.0521,0.9179,0.1820,0.3086,0.3154,-0.1291,-0.1455,-0.1767,-0.1910,-0.1971,-0.2086,-0.1475,-0.2205,-0.2503,-0.4191,302.5000,612.0000,742.5500,1208.1000,0.0000,0.0000,0.6330,0.9470,0.0120,0.3430,0.1098,0.0212,-0.1579,-0.2379,-0.2780,-0.4584,0.2620,0.4120,0.7800,0.7780
lots1_hold120_g0.04,0.6459,0.0516,-0.1547,0.2454,0.2005,-0.1277,0.3392,121,435,50,3,0.9414,0.0698,-0.1318,0.3324,-0.0494,331,0.0986,0.0113,0.0248,-0.0584,0.8994,0.1044,0.3200,0.3241,-0.1293,-0.1429,-0.1758,-0.1889,-0.1951,-0.2066,-0.1499,-0.2311,-0.2565,-0.4241,312.0000,661.0000,766.1000,1216.0500,0.0000,0.0000,0.6470,0.9560,0.0120,0.3980,0.1133,0.0217,-0.1636,-0.2440,-0.2906,-0.4710,0.1430,0.2050,0.8190,0.7450
lots1_hold245_g0.02,0.8637,0.0694,-0.1711,0.3301,0.2192,-0.1704,0.3400,246,369,89,2,0.9414,0.0764,-0.1441,0.3634,-0.0540,331,0.0973,0.0160,0.0244,-0.0498,0.9199,0.1574,0.3127,0.3208,-0.1385,-0.1649,-0.1927,-0.2191,-0.2191,-0.2395,-0.1439,-0.2102,-0.2384,-0.3864,316.0000,624.5000,773.7500,1212.0500,0.6850,0.9660,0.6670,0.9640,0.0130,0.3590,0.1108,0.0215,-0.1596,-0.2413,-0.2818,-0.4640,0.2030,0.3840,0.8920,0.8820
lots1_hold245_g0.04,0.6631,0.0528,-0.1439,0.2514,0.2122,-0.1277,0.3392,246,428,47,2,0.9414,0.0739,-0.1395,0.3518,-0.0523,331,0.0974,0.0125,0.0237,-0.0573,0.9058,0.1224,0.3225,0.3271,-0.1376,-0.1636,-0.1917,-0.2168,-0.2186,-0.2398,-0.1477,-0.2183,-0.2391,-0.3906,319.0000,657.5000,760.3000,1215.0000,0.7350,0.9790,0.6830,0.9670,0.0110,0.3990,0.1139,0.0219,-0.1647,-0.2462,-0.2925,-0.4723,0.0980,0.2260,0.9020,0.8840
lots2_holdnone_g0.02,0.8112,0.1167,-0.3076,0.5555,0.3939,-0.3068,0.6575,334,332,80,0,0.9414,0.1372,-0.2590,0.6529,-0.0970,331,0.1712,0.0236,0.0388,-0.0821,0.9110,0.1316,0.5392,0.6198,-0.2694,-0.3765,-0.4140,-0.5404,-0.4983,-0.5937,-0.2723,-0.3786,-0.4151,-0.5416,289.0000,654.0000,791.2000,1206.0500,0.6070,0.9470,0.5860,0.9360,0.0170,0.3950,0.1921,0.0421,-0.2792,-0.4676,-0.5180,-0.9310,0.2710,0.3390,0.6400,0.9600
lots2_holdnone_g0.04,0.8775,0.1312,-0.3190,0.6246,0.4177,-0.3068,0.6575,338,332,43,0,0.9414,0.1455,-0.2746,0.6923,-0.1029,331,0.1774,0.0228,0.0429,-0.0840,0.9168,0.1321,0.5714,0.6331,-0.2709,-0.3775,-0.4164,-0.5392,-0.4895,-0.5881,-0.2773,-0.3839,-0.4249,-0.5443,299.5000,674.0000,801.1500,1208.0000,0.6750,0.9630,0.6210,0.9480,0.0180,0.4020,0.2021,0.0426,-0.2955,-0.4756,-0.5357,-0.9418,0.2310,0.3220,0.7590,0.9760
lots2_hold120_g0.02,0.7342,0.0939,-0.2208,0.4468,0.3020,-0.2200,0.6575,121,373,117,2,0.9414,0.1052,-0.1985,0.5005,-0.0744,331,0.1683,0.0344,0.0473,-0.0985,0.8963,0.1775,0.5051,0.5459,-0.2426,-0.2800,-0.3428,-0.3715,-0.3836,-0.4078,-0.2734,-0.4017,-0.4574,-0.7643,286.0000,605.0000,701.3000,1198.0500,0.0000,0.0000,0.6120,0.9470,0.0120,0.3430,0.1789,0.0371,-0.2617,-0.4099,-0.4646,-0.8137,0.3480,0.4590,0.3220,0.5450
lots2_hold120_g0.04,0.7670,0.1031,-0.2423,0.4906,0.3310,-0.2200,0.6575,121,393,58,2,0.9414,0.1153,-0.2176,0.5485,-0.0815,331,0.1763,0.0350,0.0450,-0.0990,0.9083,0.1738,0.5400,0.5734,-0.2421,-0.2781,-0.3405,-0.3703,-0.3852,-0.4071,-0.2798,-0.4130,-0.4802,-0.7842,285.0000,594.0000,744.0000,1196.0000,0.0000,0.0000,0.6140,0.9460,0.0140,0.3470,0.1917,0.0389,-0.2774,-0.4337,-0.4962,-0.8416,0.3110,0.4290,0.4830,0.6530
lots2_hold245_g0.02,0.6523,0.0899,-0.3076,0.4277,0.3579,-0.3068,0.6575,246,381,105,2,0.9414,0.1247,-0.2353,0.5932,-0.0882,331,0.1726,0.0311,0.0429,-0.0963,0.9122,0.1683,0.5258,0.5765,-0.2631,-0.3208,-0.3771,-0.4299,-0.4348,-0.4761,-0.2726,-0.3969,-0.4455,-0.7434,303.0000,609.0000,735.2000,1200.0000,0.6070,0.9470,0.5930,0.9390,0.0170,0.3440,0.1867,0.0392,-0.2721,-0.4327,-0.4810,-0.8611,0.3150,0.4170,0.5160,0.7740
lots2_hold245_g0.04,0.6862,0.0990,-0.3190,0.4713,0.3827,-0.3068,0.6575,246,383,54,2,0.9414,0.1333,-0.2516,0.6343,-0.0943,331,0.1777,0.0338,0.0488,-0.1007,0.9165,0.1754,0.5594,0.5989,-0.2639,-0.3197,-0.3798,-0.4296,-0.4330,-0.4739,-0.2778,-0.4054,-0.4631,-0.7535,309.0000,607.5000,733.3500,1197.0500,0.6750,0.9630,0.6260,0.9510,0.0140,0.3530,0.1976,0.0402,-0.2887,-0.4502,-0.5106,-0.8809,0.2890,0.4120,0.6610,0.8520
lots3_holdnone_g0.02,0.7194,0.1460,-0.4425,0.6948,0.5310,-0.4415,0.9899,332,302,86,0,0.9414,0.1849,-0.3491,0.8801,-0.1308,331,0.2381,0.0359,0.0603,-0.1212,0.9014,0.1415,0.7014,0.8823,-0.3840,-0.5503,-0.6128,-0.8062,-0.7152,-0.8866,-0.3856,-0.5514,-0.6184,-0.8083,254.0000,617.5000,736.8000,1198.0000,0.5380,0.9060,0.5160,0.8960,0.0170,0.3920,0.2487,0.0601,-0.3641,-0.6709,-0.7213,-1.3737,0.4050,0.4020,0.3780,0.8880
lots3_holdnone_g0.04,0.7813,0.1628,-0.4538,0.7749,0.5566,-0.4415,0.9899,337,302,46,0,0.9414,0.1939,-0.3659,0.9226,-0.1371,331,0.2467,0.0365,0.0595,-0.1261,0.8871,0.1339,0.7694,0.9114,-0.3937,-0.5533,-0.6138,-0.8061,-0.7308,-0.8804,-0.4038,-0.5636,-0.6236,-0.8129,274.5000,638.5000,787.3000,1200.0000,0.6270,0.9420,0.5670,0.9160,0.0210,0.3940,0.2713,0.0618,-0.3988,-0.6880,-0.7574,-1.3820,0.2790,0.3540,0.5380,0.9330
lots3_hold120_g0.02,0.6381,0.1119,-0.3123,0.5326,0.3714,-0.3113,0.9899,121,381,132,2,0.9414,0.1293,-0.2441,0.6155,-0.0915,331,0.2244,0.0442,0.0548,-0.1454,0.8696,0.1630,0.6373,0.7306,-0.3445,-0.4083,-0.5046,-0.5505,-0.5680,-0.6072,-0.3817,-0.5592,-0.6617,-1.0969,282.5000,595.5000,704.1000,1188.0500,0.0000,0.0000,0.6110,0.9450,0.0160,0.3350,0.2260,0.0502,-0.3311,-0.5479,-0.6011,-1.1186,0.4860,0.4630,0.1220,0.3960
lots3_hold120_g0.04,0.6942,0.1257,-0.3236,0.5982,0.4092,-0.3113,0.9899,121,383,65,2,0.9414,0.1425,-0.2690,0.6782,-0.1008,331,0.2321,0.0472,0.0572,-0.1474,0.8550,0.1692,0.7041,0.7757,-0.3485,-0.4079,-0.5016,-0.5515,-0.5658,-0.6044,-0.3998,-0.5844,-0.6878,-1.1580,282.5000,592.0000,724.1000,1187.0500,0.0000,0.0000,0.6070,0.9400,0.0180,0.3480,0.2475,0.0524,-0.3646,-0.5857,-0.6544,-1.1742,0.3680,0.4550,0.2060,0.4710
lots3_hold245_g0.02,0.5393,0.1044,-0.4425,0.4966,0.4682,-0.4415,0.9899,246,384,112,2,0.9414,0.1631,-0.3078,0.7761,-0.1154,331,0.2338,0.0488,0.0647,-0.1416,0.8950,0.1877,0.6767,0.7920,-0.3729,-0.4710,-0.5599,-0.6403,-0.6442,-0.7095,-0.3832,-0.5666,-0.6448,-1.0778,272.5000,602.5000,719.0500,1189.1000,0.5380,0.9060,0.5250,0.8990,0.0160,0.3540,0.2387,0.0544,-0.3518,-0.5938,-0.6324,-1.2219,0.4500,0.4650,0.2360,0.6300
lots3_hold245_g0.04,0.5585,0.1110,-0.4538,0.5285,0.4992,-0.4415,0.9899,246,424,56,2,0.9414,0.1738,-0.3282,0.8273,-0.1230,331,0.2392,0.0496,0.0615,-0.1501,0.8728,0.1766,0.7438,0.8321,-0.3823,-0.4690,-0.5614,-0.6360,-0.6424,-0.7061,-0.4033,-0.5833,-0.6657,-1.1179,295.0000,585.5000,720.2000,1193.0000,0.6270,0.9420,0.5830,0.9260,0.0200,0.3490,0.2650,0.0562,-0.3862,-0.6248,-0.6791,-1.2503,0.3240,0.4240,0.3810,0.7130
