refit_row,refit_date,regime,n_rows,trained,features
252,2024-06-20,risk_on,223,True,"['SOX_Intraday_Force', 'SOX_Overnight_Gap', 'Sector_Relative_Strength_5d', 'day_of_week']"
252,2024-06-20,risk_off,29,False,
273,2024-07-19,risk_on,244,True,"['SOX_Intraday_Force', 'SOX_Overnight_Gap', 'Sector_Relative_Strength_5d', 'day_of_week']"
273,2024-07-19,risk_off,29,False,
294,2024-08-19,risk_on,250,True,"['SOX_Intraday_Force', 'SOX_Overnight_Gap', 'Sector_Relative_Strength_5d', 'day_of_week']"
294,2024-08-19,risk_off,44,True,"['SOX_Intraday_Force', 'SOX_Overnight_Gap', 'Sector_Relative_Strength_5d', 'day_of_week', 'is_holiday_jp', 'month', 'nvda_adj_close_return_lag1', 'nvda_adj_close_return_lag2', 'semi_adj_close_return_lag1', 'semi_adj_close_return_lag2', 'sox_adj_close_return_lag1', 'sox_adj_close_return_lag2', 'tsm_adj_close_return_lag1', 'tsm_adj_close_return_lag2', 'vxn_adj_close', 'vxn_adj_close_return_lag1', 'vxn_adj_close_return_lag2', 'vxn_close', 'vxn_high', 'vxn_low']"
315,2024-09-17,risk_on,262,True,"['SOX_Intraday_Force', 'SOX_Overnight_Gap', 'Sector_Relative_Strength_5d', 'day_of_week']"
315,2024-09-17,risk_off,53,True,"['SOX_Intraday_Force', 'SOX_Overnight_Gap', 'Sector_Relative_Strength_5d', 'day_of_week', 'is_holiday_jp', 'month', 'nvda_adj_close_return_lag1', 'nvda_adj_close_return_lag2', 'semi_adj_close_return_lag1', 'semi_adj_close_return_lag2', 'sox_adj_close_return_lag1', 'sox_adj_close_return_lag2', 'tsm_adj_close_return_lag1', 'tsm_adj_close_return_lag2', 'vxn_adj_close', 'vxn_adj_close_return_lag1', 'vxn_adj_close_return_lag2', 'vxn_close', 'vxn_high', 'vxn_low']"
336,2024-10-16,risk_on,273,True,"['SOX_Intraday_Force', 'SOX_Overnight_Gap', 'Sector_Relative_Strength_5d', 'day_of_week']"
336,2024-10-16,risk_off,63,True,"['SOX_Intraday_Force', 'SOX_Overnight_Gap', 'Sector_Relative_Strength_5d', 'day_of_week', 'is_holiday_jp', 'month', 'nvda_adj_close_return_lag1', 'nvda_adj_close_return_lag2', 'semi_adj_close_return_lag1', 'semi_adj_close_return_lag2', 'sox_adj_close_return_lag1', 'sox_adj_close_return_lag2', 'tsm_adj_close_return_lag1', 'tsm_adj_close_return_lag2', 'vxn_adj_close', 'vxn_adj_close_return_lag1', 'vxn_adj_close_return_lag2', 'vxn_close', 'vxn_high', 'vxn_low']"
357,2024-11-14,risk_on,280,True,"['SOX_Intraday_Force', 'SOX_Overnight_Gap', 'Sector_Relative_Strength_5d', 'day_of_week']"
357,2024-11-14,risk_off,77,True,"['SOX_Intraday_Force', 'SOX_Overnight_Gap', 'Sector_Relative_Strength_5d', 'day_of_week', 'is_holiday_jp', 'month', 'nvda_adj_close_return_lag1', 'nvda_adj_close_return_lag2', 'semi_adj_close_return_lag1', 'semi_adj_close_return_lag2', 'sox_adj_close_return_lag1', 'sox_adj_close_return_lag2', 'tsm_adj_close_return_lag1', 'tsm_adj_close_return_lag2', 'vxn_adj_close', 'vxn_adj_close_return_lag1', 'vxn_adj_close_return_lag2', 'vxn_close', 'vxn_high', 'vxn_low']"
378,2024-12-13,risk_on,301,True,"['SOX_Intraday_Force', 'SOX_Overnight_Gap', 'Sector_Relative_Strength_5d', 'day_of_week']"
378,2024-12-13,risk_off,77,True,"['SOX_Intraday_Force', 'SOX_Overnight_Gap', 'Sector_Relative_Strength_5d', 'day_of_week', 'is_holiday_jp', 'month', 'nvda_adj_close_return_lag1', 'nvda_adj_close_return_lag2', 'semi_adj_close_return_lag1', 'semi_adj_close_return_lag2', 'sox_adj_close_return_lag1', 'sox_adj_close_return_lag2', 'tsm_adj_close_return_lag1', 'tsm_adj_close_return_lag2', 'vxn_adj_close', 'vxn_adj_close_return_lag1', 'vxn_adj_close_return_lag2', 'vxn_close', 'vxn_high', 'vxn_low']"
399,2025-01-13,risk_on,320,True,"['SOX_Intraday_Force', 'SOX_Overnight_Gap', 'Sector_Relative_Strength_5d', 'day_of_week']"
399,2025-01-13,risk_off,79,True,"['SOX_Intraday_Force', 'SOX_Overnight_Gap', 'Sector_Relative_Strength_5d', 'day_of_week', 'is_holiday_jp', 'month', 'nvda_adj_close_return_lag1', 'nvda_adj_close_return_lag2', 'semi_adj_close_return_lag1', 'semi_adj_close_return_lag2', 'sox_adj_close_return_lag1', 'sox_adj_close_return_lag2', 'tsm_adj_close_return_lag1', 'tsm_adj_close_return_lag2', 'vxn_adj_close', 'vxn_adj_close_return_lag1', 'vxn_adj_close_return_lag2', 'vxn_close', 'vxn_high', 'vxn_low']"
420,2025-02-11,risk_on,341,True,"['SOX_Intraday_Force', 'SOX_Overnight_Gap', 'Sector_Relative_Strength_5d', 'day_of_week']"
420,2025-02-11,risk_off,79,True,"['SOX_Intraday_Force', 'SOX_Overnight_Gap', 'Sector_Relative_Strength_5d', 'day_of_week', 'is_holiday_jp', 'month', 'nvda_adj_close_return_lag1', 'nvda_adj_close_return_lag2', 'semi_adj_close_return_lag1', 'semi_adj_close_return_lag2', 'sox_adj_close_return_lag1', 'sox_adj_close_return_lag2', 'tsm_adj_close_return_lag1', 'tsm_adj_close_return_lag2', 'vxn_adj_close', 'vxn_adj_close_return_lag1', 'vxn_adj_close_return_lag2', 'vxn_close', 'vxn_high', 'vxn_low']"
441,2025-03-12,risk_on,354,True,"['SOX_Intraday_Force', 'SOX_Overnight_Gap', 'Sector_Relative_Strength_5d', 'day_of_week']"
441,2025-03-12,risk_off,87,True,"['SOX_Intraday_Force', 'SOX_Overnight_Gap', 'Sector_Relative_Strength_5d', 'day_of_week', 'is_holiday_jp', 'month', 'nvda_adj_close_return_lag1', 'nvda_adj_close_return_lag2', 'semi_adj_close_return_lag1', 'semi_adj_close_return_lag2', 'sox_adj_close_return_lag1', 'sox_adj_close_return_lag2', 'tsm_adj_close_return_lag1', 'tsm_adj_close_return_lag2', 'vxn_adj_close', 'vxn_adj_close_return_lag1', 'vxn_adj_close_return_lag2', 'vxn_close', 'vxn_high', 'vxn_low']"
462,2025-04-10,risk_on,356,True,"['SOX_Intraday_Force', 'SOX_Overnight_Gap', 'Sector_Relative_Strength_5d', 'day_of_week']"
462,2025-04-10,risk_off,106,True,"['SOX_Intraday_Force', 'SOX_Overnight_Gap', 'Sector_Relative_Strength_5d', 'day_of_week', 'is_holiday_jp', 'month', 'nvda_adj_close_return_lag1', 'nvda_adj_close_return_lag2', 'semi_adj_close_return_lag1', 'semi_adj_close_return_lag2', 'sox_adj_close_return_lag1', 'sox_adj_close_return_lag2', 'tsm_adj_close_return_lag1', 'tsm_adj_close_return_lag2', 'vxn_adj_close', 'vxn_adj_close_return_lag1', 'vxn_adj_close_return_lag2', 'vxn_close', 'vxn_high', 'vxn_low']"
483,2025-05-09,risk_on,356,True,"['SOX_Intraday_Force', 'SOX_Overnight_Gap', 'Sector_Relative_Strength_5d', 'day_of_week']"
483,2025-05-09,risk_off,127,True,"['SOX_Intraday_Force', 'SOX_Overnight_Gap', 'Sector_Relative_Strength_5d', 'day_of_week', 'is_holiday_jp', 'month', 'nvda_adj_close_return_lag1', 'nvda_adj_close_return_lag2', 'semi_adj_close_return_lag1', 'semi_adj_close_return_lag2', 'sox_adj_close_return_lag1', 'sox_adj_close_return_lag2', 'tsm_adj_close_return_lag1', 'tsm_adj_close_return_lag2', 'vxn_adj_close', 'vxn_adj_close_return_lag1', 'vxn_adj_close_return_lag2', 'vxn_close', 'vxn_high', 'vxn_low']"
504,2025-06-09,risk_on,365,True,"['SOX_Intraday_Force', 'SOX_Overnight_Gap', 'Sector_Relative_Strength_5d', 'day_of_week']"
504,2025-06-09,risk_off,139,True,"['SOX_Intraday_Force', 'SOX_Overnight_Gap', 'Sector_Relative_Strength_5d', 'day_of_week', 'is_holiday_jp', 'month', 'nvda_adj_close_return_lag1', 'nvda_adj_close_return_lag2', 'semi_adj_close_return_lag1', 'semi_adj_close_return_lag2', 'sox_adj_close_return_lag1', 'sox_adj_close_return_lag2', 'tsm_adj_close_return_lag1', 'tsm_adj_close_return_lag2', 'vxn_adj_close', 'vxn_adj_close_return_lag1', 'vxn_adj_close_return_lag2', 'vxn_close', 'vxn_high', 'vxn_low']"
525,2025-07-08,risk_on,381,True,"['SOX_Intraday_Force', 'SOX_Overnight_Gap', 'Sector_Relative_Strength_5d', 'day_of_week']"
525,2025-07-08,risk_off,144,True,"['SOX_Intraday_Force', 'SOX_Overnight_Gap', 'Sector_Relative_Strength_5d', 'day_of_week', 'is_holiday_jp', 'month', 'nvda_adj_close_return_lag1', 'nvda_adj_close_return_lag2', 'semi_adj_close_return_lag1', 'semi_adj_close_return_lag2', 'sox_adj_close_return_lag1', 'sox_adj_close_return_lag2', 'tsm_adj_close_return_lag1', 'tsm_adj_close_return_lag2', 'vxn_adj_close', 'vxn_adj_close_return_lag1', 'vxn_adj_close_return_lag2', 'vxn_close', 'vxn_high', 'vxn_low']"
546,2025-08-06,risk_on,402,True,"['SOX_Intraday_Force', 'SOX_Overnight_Gap', 'Sector_Relative_Strength_5d', 'day_of_week']"
546,2025-08-06,risk_off,144,True,"['SOX_Intraday_Force', 'SOX_Overnight_Gap', 'Sector_Relative_Strength_5d', 'day_of_week', 'is_holiday_jp', 'month', 'nvda_adj_close_return_lag1', 'nvda_adj_close_return_lag2', 'semi_adj_close_return_lag1', 'semi_adj_close_return_lag2', 'sox_adj_close_return_lag1', 'sox_adj_close_return_lag2', 'tsm_adj_close_return_lag1', 'tsm_adj_close_return_lag2', 'vxn_adj_close', 'vxn_adj_close_return_lag1', 'vxn_adj_close_return_lag2', 'vxn_close', 'vxn_high', 'vxn_low']"
567,2025-09-04,risk_on,423,True,"['SOX_Intraday_Force', 'SOX_Overnight_Gap', 'Sector_Relative_Strength_5d', 'day_of_week']"
567,2025-09-04,risk_off,144,True,"['SOX_Intraday_Force', 'SOX_Overnight_Gap', 'Sector_Relative_Strength_5d', 'day_of_week', 'is_holiday_jp', 'month', 'nvda_adj_close_return_lag1', 'nvda_adj_close_return_lag2', 'semi_adj_close_return_lag1', 'semi_adj_close_return_lag2', 'sox_adj_close_return_lag1', 'sox_adj_close_return_lag2', 'tsm_adj_close_return_lag1', 'tsm_adj_close_return_lag2', 'vxn_adj_close', 'vxn_adj_close_return_lag1', 'vxn_adj_close_return_lag2', 'vxn_close', 'vxn_high', 'vxn_low']"
588,2025-10-03,risk_on,444,True,"['SOX_Intraday_Force', 'SOX_Overnight_Gap', 'Sector_Relative_Strength_5d', 'day_of_week']"
588,2025-10-03,risk_off,144,True,"['SOX_Intraday_Force', 'SOX_Overnight_Gap', 'Sector_Relative_Strength_5d', 'day_of_week', 'is_holiday_jp', 'month', 'nvda_adj_close_return_lag1', 'nvda_adj_close_return_lag2', 'semi_adj_close_return_lag1', 'semi_adj_close_return_lag2', 'sox_adj_close_return_lag1', 'sox_adj_close_return_lag2', 'tsm_adj_close_return_lag1', 'tsm_adj_close_return_lag2', 'vxn_adj_close', 'vxn_adj_close_return_lag1', 'vxn_adj_close_return_lag2', 'vxn_close', 'vxn_high', 'vxn_low']"
609,2025-11-03,risk_on,456,True,"['SOX_Intraday_Force', 'SOX_Overnight_Gap', 'Sector_Relative_Strength_5d', 'day_of_week']"
609,2025-11-03,risk_off,153,True,"['SOX_Intraday_Force', 'SOX_Overnight_Gap', 'Sector_Relative_Strength_5d', 'day_of_week', 'is_holiday_jp', 'month', 'nvda_adj_close_return_lag1', 'nvda_adj_close_return_lag2', 'semi_adj_close_return_lag1', 'semi_adj_close_return_lag2', 'sox_adj_close_return_lag1', 'sox_adj_close_return_lag2', 'tsm_adj_close_return_lag1', 'tsm_adj_close_return_lag2', 'vxn_adj_close', 'vxn_adj_close_return_lag1', 'vxn_adj_close_return_lag2', 'vxn_close', 'vxn_high', 'vxn_low']"
630,2025-12-02,risk_on,459,True,"['SOX_Intraday_Force', 'SOX_Overnight_Gap', 'Sector_Relative_Strength_5d', 'day_of_week']"
630,2025-12-02,risk_off,171,True,"['SOX_Intraday_Force', 'SOX_Overnight_Gap', 'Sector_Relative_Strength_5d', 'day_of_week', 'is_holiday_jp', 'month', 'nvda_adj_close_return_lag1', 'nvda_adj_close_return_lag2', 'semi_adj_close_return_lag1', 'semi_adj_close_return_lag2', 'sox_adj_close_return_lag1', 'sox_adj_close_return_lag2', 'tsm_adj_close_return_lag1', 'tsm_adj_close_return_lag2', 'vxn_adj_close', 'vxn_adj_close_return_lag1', 'vxn_adj_close_return_lag2', 'vxn_close', 'vxn_high', 'vxn_low']"
651,2025-12-31,risk_on,479,True,"['SOX_Intraday_Force', 'SOX_Overnight_Gap', 'Sector_Relative_Strength_5d', 'day_of_week']"
651,2025-12-31,risk_off,172,True,"['SOX_Intraday_Force', 'SOX_Overnight_Gap', 'Sector_Relative_Strength_5d', 'day_of_week', 'is_holiday_jp', 'month', 'nvda_adj_close_return_lag1', 'nvda_adj_close_return_lag2', 'semi_adj_close_return_lag1', 'semi_adj_close_return_lag2', 'sox_adj_close_return_lag1', 'sox_adj_close_return_lag2', 'tsm_adj_close_return_lag1', 'tsm_adj_close_return_lag2', 'vxn_adj_close', 'vxn_adj_close_return_lag1', 'vxn_adj_close_return_lag2', 'vxn_close', 'vxn_high', 'vxn_low']"
672,2026-01-29,risk_on,499,True,"['SOX_Intraday_Force', 'SOX_Overnight_Gap', 'Sector_Relative_Strength_5d', 'day_of_week']"
672,2026-01-29,risk_off,173,True,"['SOX_Intraday_Force', 'SOX_Overnight_Gap', 'Sector_Relative_Strength_5d', 'day_of_week', 'is_holiday_jp', 'month', 'nvda_adj_close_return_lag1', 'nvda_adj_close_return_lag2', 'semi_adj_close_return_lag1', 'semi_adj_close_return_lag2', 'sox_adj_close_return_lag1', 'sox_adj_close_return_lag2', 'tsm_adj_close_return_lag1', 'tsm_adj_close_return_lag2', 'vxn_adj_close', 'vxn_adj_close_return_lag1', 'vxn_adj_close_return_lag2', 'vxn_close', 'vxn_high', 'vxn_low']"
693,2026-02-27,risk_on,502,True,"['SOX_Intraday_Force', 'SOX_Overnight_Gap', 'Sector_Relative_Strength_5d', 'day_of_week']"
693,2026-02-27,risk_off,191,True,"['SOX_Intraday_Force', 'SOX_Overnight_Gap', 'Sector_Relative_Strength_5d', 'day_of_week', 'is_holiday_jp', 'month', 'nvda_adj_close_return_lag1', 'nvda_adj_close_return_lag2', 'semi_adj_close_return_lag1', 'semi_adj_close_return_lag2', 'sox_adj_close_return_lag1', 'sox_adj_close_return_lag2', 'tsm_adj_close_return_lag1', 'tsm_adj_close_return_lag2', 'vxn_adj_close', 'vxn_adj_close_return_lag1', 'vxn_adj_close_return_lag2', 'vxn_close', 'vxn_high', 'vxn_low']"
714,2026-03-30,risk_on,502,True,"['SOX_Intraday_Force', 'SOX_Overnight_Gap', 'Sector_Relative_Strength_5d', 'day_of_week']"
714,2026-03-30,risk_off,212,True,"['SOX_Intraday_Force', 'SOX_Overnight_Gap', 'Sector_Relative_Strength_5d', 'day_of_week', 'is_holiday_jp', 'month', 'nvda_adj_close_return_lag1', 'nvda_adj_close_return_lag2', 'semi_adj_close_return_lag1', 'semi_adj_close_return_lag2', 'sox_adj_close_return_lag1', 'sox_adj_close_return_lag2', 'tsm_adj_close_return_lag1', 'tsm_adj_close_return_lag2', 'vxn_adj_close', 'vxn_adj_close_return_lag1', 'vxn_adj_close_return_lag2', 'vxn_close', 'vxn_high', 'vxn_low']"
735,2026-04-28,risk_on,504,True,"['SOX_Intraday_Force', 'SOX_Overnight_Gap', 'Sector_Relative_Strength_5d', 'day_of_week']"
735,2026-04-28,risk_off,231,True,"['SOX_Intraday_Force', 'SOX_Overnight_Gap', 'Sector_Relative_Strength_5d', 'day_of_week', 'is_holiday_jp', 'month', 'nvda_adj_close_return_lag1', 'nvda_adj_close_return_lag2', 'semi_adj_close_return_lag1', 'semi_adj_close_return_lag2', 'sox_adj_close_return_lag1', 'sox_adj_close_return_lag2', 'tsm_adj_close_return_lag1', 'tsm_adj_close_return_lag2', 'vxn_adj_close', 'vxn_adj_close_return_lag1', 'vxn_adj_close_return_lag2', 'vxn_close', 'vxn_high', 'vxn_low']"
756,2026-05-27,risk_on,506,True,"['SOX_Intraday_Force', 'SOX_Overnight_Gap', 'Sector_Relative_Strength_5d', 'day_of_week']"
756,2026-05-27,risk_off,250,True,"['SOX_Intraday_Force', 'SOX_Overnight_Gap', 'Sector_Relative_Strength_5d', 'day_of_week', 'is_holiday_jp', 'month', 'nvda_adj_close_return_lag1', 'nvda_adj_close_return_lag2', 'semi_adj_close_return_lag1', 'semi_adj_close_return_lag2', 'sox_adj_close_return_lag1', 'sox_adj_close_return_lag2', 'tsm_adj_close_return_lag1', 'tsm_adj_close_return_lag2', 'vxn_adj_close', 'vxn_adj_close_return_lag1', 'vxn_adj_close_return_lag2', 'vxn_close', 'vxn_high', 'vxn_low']"
777,2026-06-25,risk_on,506,True,"['SOX_Intraday_Force', 'SOX_Overnight_Gap', 'Sector_Relative_Strength_5d', 'day_of_week']"
777,2026-06-25,risk_off,271,True,"['SOX_Intraday_Force', 'SOX_Overnight_Gap', 'Sector_Relative_Strength_5d', 'day_of_week', 'is_holiday_jp', 'month', 'nvda_adj_close_return_lag1', 'nvda_adj_close_return_lag2', 'semi_adj_close_return_lag1', 'semi_adj_close_return_lag2', 'sox_adj_close_return_lag1', 'sox_adj_close_return_lag2', 'tsm_adj_close_return_lag1', 'tsm_adj_close_return_lag2', 'vxn_adj_close', 'vxn_adj_close_return_lag1', 'vxn_adj_close_return_lag2', 'vxn_close', 'vxn_high', 'vxn_low']"
