split,g_kind,g_value,alpha,k,inner_sharpe,inner_sharpes,selected
0,fixed,0.02,0.0001,0.0,1.0212482224062591,"[1.778, -0.4775, 0.9613, 1.8232]",False
0,fixed,0.02,0.0001,0.25,1.0392381340836472,"[1.7324, -0.4692, 0.9613, 1.9325]",False
0,fixed,0.02,0.0001,0.5,0.0,"[0.0, 0.0, 0.0, 0.0]",False
0,fixed,0.02,0.01,0.0,1.0212482224062591,"[1.778, -0.4775, 0.9613, 1.8232]",False
0,fixed,0.02,0.01,0.25,1.0392381340836472,"[1.7324, -0.4692, 0.9613, 1.9325]",False
0,fixed,0.02,0.01,0.5,0.0,"[0.0, 0.0, 0.0, 0.0]",False
0,fixed,0.02,1.0,0.0,1.0212482224062591,"[1.778, -0.4775, 0.9613, 1.8232]",False
0,fixed,0.02,1.0,0.25,1.0392381340836472,"[1.7324, -0.4692, 0.9613, 1.9325]",False
0,fixed,0.02,1.0,0.5,0.0,"[0.0, 0.0, 0.0, 0.0]",False
0,fixed,0.03,0.0001,0.0,1.1668798927805004,"[2.1578, -0.4715, 0.8556, 2.1257]",False
0,fixed,0.03,0.0001,0.25,1.1668798927805004,"[2.1578, -0.4715, 0.8556, 2.1257]",True
0,fixed,0.03,0.0001,0.5,0.6512310598582753,"[1.1496, -0.467, 0.7073, 1.215]",False
0,fixed,0.03,0.01,0.0,1.1668798927805004,"[2.1578, -0.4715, 0.8556, 2.1257]",False
0,fixed,0.03,0.01,0.25,1.1668798927805004,"[2.1578, -0.4715, 0.8556, 2.1257]",False
0,fixed,0.03,0.01,0.5,0.6512310598582753,"[1.1496, -0.467, 0.7073, 1.215]",False
0,fixed,0.03,1.0,0.0,1.1668798927805004,"[2.1578, -0.4715, 0.8556, 2.1257]",False
0,fixed,0.03,1.0,0.25,1.1668798927805004,"[2.1578, -0.4715, 0.8556, 2.1257]",False
0,fixed,0.03,1.0,0.5,0.6055813011365329,"[0.967, -0.467, 0.7073, 1.215]",False
0,fixed,0.04,0.0001,0.0,1.052216899214874,"[1.6339, -0.5536, 1.1449, 1.9837]",False
0,fixed,0.04,0.0001,0.25,1.052216899214874,"[1.6339, -0.5536, 1.1449, 1.9837]",False
0,fixed,0.04,0.0001,0.5,1.0696914019785138,"[1.6339, -0.5536, 1.1449, 2.0536]",False
0,fixed,0.04,0.01,0.0,1.052216899214874,"[1.6339, -0.5536, 1.1449, 1.9837]",False
0,fixed,0.04,0.01,0.25,1.052216899214874,"[1.6339, -0.5536, 1.1449, 1.9837]",False
0,fixed,0.04,0.01,0.5,1.0696914019785138,"[1.6339, -0.5536, 1.1449, 2.0536]",False
0,fixed,0.04,1.0,0.0,1.052216899214874,"[1.6339, -0.5536, 1.1449, 1.9837]",False
0,fixed,0.04,1.0,0.25,1.052216899214874,"[1.6339, -0.5536, 1.1449, 1.9837]",False
0,fixed,0.04,1.0,0.5,1.0696914019785138,"[1.6339, -0.5536, 1.1449, 2.0536]",False
0,fixed,0.05,0.0001,0.0,0.9688823877231826,"[1.3057, -0.3706, 0.8522, 2.0883]",False
0,fixed,0.05,0.0001,0.25,0.9728346141420985,"[1.3057, -0.3706, 0.8522, 2.1041]",False
0,fixed,0.05,0.0001,0.5,0.967708641396105,"[1.3057, -0.3706, 0.8522, 2.0836]",False
0,fixed,0.05,0.01,0.0,0.9688823877231826,"[1.3057, -0.3706, 0.8522, 2.0883]",False
0,fixed,0.05,0.01,0.25,0.9728346141420985,"[1.3057, -0.3706, 0.8522, 2.1041]",False
0,fixed,0.05,0.01,0.5,0.967708641396105,"[1.3057, -0.3706, 0.8522, 2.0836]",False
0,fixed,0.05,1.0,0.0,0.9688823877231826,"[1.3057, -0.3706, 0.8522, 2.0883]",False
0,fixed,0.05,1.0,0.25,0.9824002239131988,"[1.3057, -0.3706, 0.8522, 2.1423]",False
0,fixed,0.05,1.0,0.5,0.9545791974034401,"[1.3057, -0.3706, 0.8522, 2.0311]",False
0,vol,0.25,0.0001,0.0,0.9937150041703342,"[2.2717, -0.6508, 0.7368, 1.6171]",False
0,vol,0.25,0.0001,0.25,0.4979746188050602,"[0.0, 0.0, 0.8246, 1.1673]",False
0,vol,0.25,0.0001,0.5,0.0,"[0.0, 0.0, 0.0, 0.0]",False
0,vol,0.25,0.01,0.0,0.9937150041703342,"[2.2717, -0.6508, 0.7368, 1.6171]",False
0,vol,0.25,0.01,0.25,0.4979746188050602,"[0.0, 0.0, 0.8246, 1.1673]",False
0,vol,0.25,0.01,0.5,0.0,"[0.0, 0.0, 0.0, 0.0]",False
0,vol,0.25,1.0,0.0,0.9937150041703342,"[2.2717, -0.6508, 0.7368, 1.6171]",False
0,vol,0.25,1.0,0.25,0.4979746188050602,"[0.0, 0.0, 0.8246, 1.1673]",False
0,vol,0.25,1.0,0.5,0.0,"[0.0, 0.0, 0.0, 0.0]",False
0,vol,0.5,0.0001,0.0,1.053518264903424,"[1.8603, -0.5353, 0.9611, 1.928]",False
0,vol,0.5,0.0001,0.25,1.046628238778304,"[1.8603, -0.5353, 0.9611, 1.9004]",False
0,vol,0.5,0.0001,0.5,0.8757697535574174,"[0.0, 0.0, 0.7874, 2.7156]",False
0,vol,0.5,0.01,0.0,1.053518264903424,"[1.8603, -0.5353, 0.9611, 1.928]",False
0,vol,0.5,0.01,0.25,1.046628238778304,"[1.8603, -0.5353, 0.9611, 1.9004]",False
0,vol,0.5,0.01,0.5,0.8757697535574174,"[0.0, 0.0, 0.7874, 2.7156]",False
0,vol,0.5,1.0,0.0,1.053518264903424,"[1.8603, -0.5353, 0.9611, 1.928]",False
0,vol,0.5,1.0,0.25,1.046628238778304,"[1.8603, -0.5353, 0.9611, 1.9004]",False
0,vol,0.5,1.0,0.5,0.8757697535574174,"[0.0, 0.0, 0.7874, 2.7156]",False
0,vol,1.0,0.0001,0.0,1.035848767261199,"[1.599, -0.3832, 0.8032, 2.1245]",False
0,vol,1.0,0.0001,0.25,1.035848767261199,"[1.599, -0.3832, 0.8032, 2.1245]",False
0,vol,1.0,0.0001,0.5,1.0457203554357273,"[1.599, -0.3832, 0.8032, 2.164]",False
0,vol,1.0,0.01,0.0,1.035848767261199,"[1.599, -0.3832, 0.8032, 2.1245]",False
0,vol,1.0,0.01,0.25,1.035848767261199,"[1.599, -0.3832, 0.8032, 2.1245]",False
0,vol,1.0,0.01,0.5,1.0457203554357273,"[1.599, -0.3832, 0.8032, 2.164]",False
0,vol,1.0,1.0,0.0,1.035848767261199,"[1.599, -0.3832, 0.8032, 2.1245]",False
0,vol,1.0,1.0,0.25,1.035848767261199,"[1.599, -0.3832, 0.8032, 2.1245]",False
0,vol,1.0,1.0,0.5,1.0497789677921694,"[1.599, -0.3832, 0.8032, 2.1802]",False
1,fixed,0.02,0.0001,0.0,0.8161590000097038,"[1.2334, -0.7532, 0.9613, 1.8232]",False
1,fixed,0.02,0.0001,0.25,1.4129157334915678,"[1.2334, -0.7532, 1.5414, 3.6301]",False
1,fixed,0.02,0.0001,0.5,0.28862195240042277,"[0.0, 0.0, 1.1545, 0.0]",False
1,fixed,0.02,0.01,0.0,0.8161590000097038,"[1.2334, -0.7532, 0.9613, 1.8232]",False
1,fixed,0.02,0.01,0.25,1.4129157334915678,"[1.2334, -0.7532, 1.5414, 3.6301]",False
1,fixed,0.02,0.01,0.5,0.28862195240042277,"[0.0, 0.0, 1.1545, 0.0]",False
1,fixed,0.02,1.0,0.0,0.8161590000097038,"[1.2334, -0.7532, 0.9613, 1.8232]",False
1,fixed,0.02,1.0,0.25,1.4129157334915678,"[1.2334, -0.7532, 1.5414, 3.6301]",False
1,fixed,0.02,1.0,0.5,0.28862195240042277,"[0.0, 0.0, 1.1545, 0.0]",False
1,fixed,0.03,0.0001,0.0,0.8768667152690971,"[1.2727, -0.7465, 0.8556, 2.1257]",False
1,fixed,0.03,0.0001,0.25,0.8103557201032543,"[1.2727, -0.7465, 0.8556, 1.8596]",False
1,fixed,0.03,0.0001,0.5,1.1545026270929297,"[2.0843, -1.1753, 1.9456, 1.7634]",False
1,fixed,0.03,0.01,0.0,0.8768667152690971,"[1.2727, -0.7465, 0.8556, 2.1257]",False
1,fixed,0.03,0.01,0.25,0.8103557201032543,"[1.2727, -0.7465, 0.8556, 1.8596]",False
1,fixed,0.03,0.01,0.5,1.1545026270929297,"[2.0843, -1.1753, 1.9456, 1.7634]",False
1,fixed,0.03,1.0,0.0,0.8768667152690971,"[1.2727, -0.7465, 0.8556, 2.1257]",False
1,fixed,0.03,1.0,0.25,0.8528243862012136,"[1.2727, -0.7465, 0.8556, 2.0295]",False
1,fixed,0.03,1.0,0.5,0.9934757080338896,"[1.932, -1.1753, 1.8442, 1.373]",False
1,fixed,0.04,0.0001,0.0,0.9884669330301001,"[1.6939, -0.8686, 1.1449, 1.9837]",False
1,fixed,0.04,0.0001,0.25,0.9867642135121582,"[1.6939, -0.8686, 1.1449, 1.9768]",False
1,fixed,0.04,0.0001,0.5,1.0750141734898007,"[1.6939, -0.8686, 1.6953, 1.7794]",False
1,fixed,0.04,0.01,0.0,0.9884669330301001,"[1.6939, -0.8686, 1.1449, 1.9837]",False
1,fixed,0.04,0.01,0.25,0.9867642135121582,"[1.6939, -0.8686, 1.1449, 1.9768]",False
1,fixed,0.04,0.01,0.5,1.0750141734898007,"[1.6939, -0.8686, 1.6953, 1.7794]",False
1,fixed,0.04,1.0,0.0,0.9884669330301001,"[1.6939, -0.8686, 1.1449, 1.9837]",False
1,fixed,0.04,1.0,0.25,0.920748600261108,"[1.6939, -0.8686, 1.1449, 1.7128]",False
1,fixed,0.04,1.0,0.5,1.0525183483436096,"[1.6939, -0.8686, 1.6953, 1.6895]",False
1,fixed,0.05,0.0001,0.0,1.0020200272394941,"[1.5438, -0.6935, 0.8522, 2.3055]",False
1,fixed,0.05,0.0001,0.25,0.9522142783425538,"[1.5438, -0.6935, 0.8522, 2.1063]",False
1,fixed,0.05,0.0001,0.5,0.7696447684418184,"[1.5438, -0.7557, 1.0188, 1.2717]",False
1,fixed,0.05,0.01,0.0,1.0020200272394941,"[1.5438, -0.6935, 0.8522, 2.3055]",False
1,fixed,0.05,0.01,0.25,0.9522142783425538,"[1.5438, -0.6935, 0.8522, 2.1063]",False
1,fixed,0.05,0.01,0.5,0.7696447684418184,"[1.5438, -0.7557, 1.0188, 1.2717]",False
1,fixed,0.05,1.0,0.0,0.9486011529254212,"[1.5438, -0.6935, 0.8522, 2.0918]",False
1,fixed,0.05,1.0,0.25,0.8978189700594664,"[1.5438, -0.6935, 0.8522, 1.8887]",False
1,fixed,0.05,1.0,0.5,0.7954076613365972,"[1.5438, -0.7557, 1.0188, 1.3748]",False
1,vol,0.25,0.0001,0.0,0.7139077336540081,"[1.3879, -0.8862, 0.7368, 1.6171]",False
1,vol,0.25,0.0001,0.25,0.8164283009021998,"[0.0, 0.0, 1.4596, 1.8061]",False
1,vol,0.25,0.0001,0.5,0.0,"[0.0, 0.0, 0.0, 0.0]",False
1,vol,0.25,0.01,0.0,0.7139077336540081,"[1.3879, -0.8862, 0.7368, 1.6171]",False
1,vol,0.25,0.01,0.25,0.8164283009021998,"[0.0, 0.0, 1.4596, 1.8061]",False
1,vol,0.25,0.01,0.5,0.0,"[0.0, 0.0, 0.0, 0.0]",False
1,vol,0.25,1.0,0.0,0.7139077336540081,"[1.3879, -0.8862, 0.7368, 1.6171]",False
1,vol,0.25,1.0,0.25,0.8164283009021998,"[0.0, 0.0, 1.4596, 1.8061]",False
1,vol,0.25,1.0,0.5,0.0,"[0.0, 0.0, 0.0, 0.0]",False
1,vol,0.5,0.0001,0.0,0.8367479405518735,"[1.2629, -0.8051, 0.9611, 1.928]",False
1,vol,0.5,0.0001,0.25,0.8974341531793971,"[1.2629, -0.8051, 0.9573, 2.1745]",False
1,vol,0.5,0.0001,0.5,1.4710592776409745,"[0.0, 0.0, 2.8582, 3.0261]",False
1,vol,0.5,0.01,0.0,0.8367479405518735,"[1.2629, -0.8051, 0.9611, 1.928]",False
1,vol,0.5,0.01,0.25,0.8974341531793971,"[1.2629, -0.8051, 0.9573, 2.1745]",False
1,vol,0.5,0.01,0.5,1.4710592776409745,"[0.0, 0.0, 2.8582, 3.0261]",False
1,vol,0.5,1.0,0.0,0.8367479405518735,"[1.2629, -0.8051, 0.9611, 1.928]",False
1,vol,0.5,1.0,0.25,0.8974341531793971,"[1.2629, -0.8051, 0.9573, 2.1745]",False
1,vol,0.5,1.0,0.5,1.4976792156252485,"[0.0, 0.0, 2.9646, 3.0261]",True
1,vol,1.0,0.0001,0.0,0.9141483416921989,"[1.4254, -0.6965, 0.8032, 2.1245]",False
1,vol,1.0,0.0001,0.25,0.8918309868779799,"[1.4254, -0.6965, 0.8032, 2.0352]",False
1,vol,1.0,0.0001,0.5,0.7875284436464082,"[1.4254, -0.6965, 0.8032, 1.618]",False
1,vol,1.0,0.01,0.0,0.9141483416921989,"[1.4254, -0.6965, 0.8032, 2.1245]",False
1,vol,1.0,0.01,0.25,0.8918309868779799,"[1.4254, -0.6965, 0.8032, 2.0352]",False
1,vol,1.0,0.01,0.5,0.7875284436464082,"[1.4254, -0.6965, 0.8032, 1.618]",False
1,vol,1.0,1.0,0.0,0.9141483416921989,"[1.4254, -0.6965, 0.8032, 2.1245]",False
1,vol,1.0,1.0,0.25,0.9283683971041727,"[1.4254, -0.6965, 0.8032, 2.1814]",False
1,vol,1.0,1.0,0.5,0.7875284436464082,"[1.4254, -0.6965, 0.8032, 1.618]",False
2,fixed,0.02,0.0001,0.0,1.3767852356922807,"[1.1428, 1.8344, 0.7068, 1.8232]",False
2,fixed,0.02,0.0001,0.25,1.3317044832094609,"[1.1428, 1.8344, 0.7068, 1.6429]",False
2,fixed,0.02,0.0001,0.5,0.0907344270514356,"[0.0, 0.0, 0.3629, 0.0]",False
2,fixed,0.02,0.01,0.0,1.3767852356922807,"[1.1428, 1.8344, 0.7068, 1.8232]",False
2,fixed,0.02,0.01,0.25,1.3317044832094609,"[1.1428, 1.8344, 0.7068, 1.6429]",False
2,fixed,0.02,0.01,0.5,0.0907344270514356,"[0.0, 0.0, 0.3629, 0.0]",False
2,fixed,0.02,1.0,0.0,1.3767852356922807,"[1.1428, 1.8344, 0.7068, 1.8232]",False
2,fixed,0.02,1.0,0.25,1.3317044832094609,"[1.1428, 1.8344, 0.7068, 1.6429]",False
2,fixed,0.02,1.0,0.5,0.0907344270514356,"[0.0, 0.0, 0.3629, 0.0]",False
2,fixed,0.03,0.0001,0.0,1.561544841531693,"[0.8715, 2.3547, 0.8943, 2.1257]",False
2,fixed,0.03,0.0001,0.25,1.561544841531693,"[0.8715, 2.3547, 0.8943, 2.1257]",True
2,fixed,0.03,0.0001,0.5,1.1272144787941236,"[0.8715, 1.8942, 0.592, 1.1511]",False
2,fixed,0.03,0.01,0.0,1.561544841531693,"[0.8715, 2.3547, 0.8943, 2.1257]",False
2,fixed,0.03,0.01,0.25,1.561544841531693,"[0.8715, 2.3547, 0.8943, 2.1257]",False
2,fixed,0.03,0.01,0.5,1.1272144787941236,"[0.8715, 1.8942, 0.592, 1.1511]",False
2,fixed,0.03,1.0,0.0,1.561544841531693,"[0.8715, 2.3547, 0.8943, 2.1257]",False
2,fixed,0.03,1.0,0.25,1.561544841531693,"[0.8715, 2.3547, 0.8943, 2.1257]",False
2,fixed,0.03,1.0,0.5,1.1140724730908145,"[0.8715, 1.8416, 0.592, 1.1511]",False
2,fixed,0.04,0.0001,0.0,1.3842899069562777,"[1.117, 1.7734, 0.6632, 1.9837]",False
2,fixed,0.04,0.0001,0.25,1.3842899069562777,"[1.117, 1.7734, 0.6632, 1.9837]",False
2,fixed,0.04,0.0001,0.5,1.34950083384557,"[1.117, 1.7734, 0.6632, 1.8445]",False
2,fixed,0.04,0.01,0.0,1.3842899069562777,"[1.117, 1.7734, 0.6632, 1.9837]",False
2,fixed,0.04,0.01,0.25,1.3842899069562777,"[1.117, 1.7734, 0.6632, 1.9837]",False
2,fixed,0.04,0.01,0.5,1.34950083384557,"[1.117, 1.7734, 0.6632, 1.8445]",False
2,fixed,0.04,1.0,0.0,1.3842899069562777,"[1.117, 1.7734, 0.6632, 1.9837]",False
2,fixed,0.04,1.0,0.25,1.3842899069562777,"[1.117, 1.7734, 0.6632, 1.9837]",False
2,fixed,0.04,1.0,0.5,1.34950083384557,"[1.117, 1.7734, 0.6632, 1.8445]",False
2,fixed,0.05,0.0001,0.0,1.3978428313136528,"[1.1438, 1.6605, 0.6988, 2.0883]",False
2,fixed,0.05,0.0001,0.25,1.3978428313136528,"[1.1438, 1.6605, 0.6988, 2.0883]",False
2,fixed,0.05,0.0001,0.5,1.3978428313136528,"[1.1438, 1.6605, 0.6988, 2.0883]",False
2,fixed,0.05,0.01,0.0,1.3978428313136528,"[1.1438, 1.6605, 0.6988, 2.0883]",False
2,fixed,0.05,0.01,0.25,1.3978428313136528,"[1.1438, 1.6605, 0.6988, 2.0883]",False
2,fixed,0.05,0.01,0.5,1.3978428313136528,"[1.1438, 1.6605, 0.6988, 2.0883]",False
2,fixed,0.05,1.0,0.0,1.3978428313136528,"[1.1438, 1.6605, 0.6988, 2.0883]",False
2,fixed,0.05,1.0,0.25,1.3978428313136528,"[1.1438, 1.6605, 0.6988, 2.0883]",False
2,fixed,0.05,1.0,0.5,1.3978428313136528,"[1.1438, 1.6605, 0.6988, 2.0883]",False
2,vol,0.25,0.0001,0.0,1.4755780396988438,"[1.364, 2.2455, 0.6757, 1.6171]",False
2,vol,0.25,0.0001,0.25,0.5013954185515088,"[0.0, 0.0, 0.0, 2.0056]",False
2,vol,0.25,0.0001,0.5,0.0,"[0.0, 0.0, 0.0, 0.0]",False
2,vol,0.25,0.01,0.0,1.4755780396988438,"[1.364, 2.2455, 0.6757, 1.6171]",False
2,vol,0.25,0.01,0.25,0.5013954185515088,"[0.0, 0.0, 0.0, 2.0056]",False
2,vol,0.25,0.01,0.5,0.0,"[0.0, 0.0, 0.0, 0.0]",False
2,vol,0.25,1.0,0.0,1.4755780396988438,"[1.364, 2.2455, 0.6757, 1.6171]",False
2,vol,0.25,1.0,0.25,0.5013954185515088,"[0.0, 0.0, 0.0, 2.0056]",False
2,vol,0.25,1.0,0.5,0.0,"[0.0, 0.0, 0.0, 0.0]",False
2,vol,0.5,0.0001,0.0,1.4870122885853423,"[1.0889, 2.0084, 0.9228, 1.928]",False
2,vol,0.5,0.0001,0.25,1.4870122885853423,"[1.0889, 2.0084, 0.9228, 1.928]",False
2,vol,0.5,0.0001,0.5,0.7782892808257668,"[0.0, 0.0, 0.651, 2.4622]",False
2,vol,0.5,0.01,0.0,1.4870122885853423,"[1.0889, 2.0084, 0.9228, 1.928]",False
2,vol,0.5,0.01,0.25,1.4870122885853423,"[1.0889, 2.0084, 0.9228, 1.928]",False
2,vol,0.5,0.01,0.5,0.7782892808257668,"[0.0, 0.0, 0.651, 2.4622]",False
2,vol,0.5,1.0,0.0,1.4870122885853423,"[1.0889, 2.0084, 0.9228, 1.928]",False
2,vol,0.5,1.0,0.25,1.4870122885853423,"[1.0889, 2.0084, 0.9228, 1.928]",False
2,vol,0.5,1.0,0.5,0.7782892808257668,"[0.0, 0.0, 0.651, 2.4622]",False
2,vol,1.0,0.0001,0.0,1.4211155314933896,"[0.9179, 1.9198, 0.7222, 2.1245]",False
2,vol,1.0,0.0001,0.25,1.4211155314933896,"[0.9179, 1.9198, 0.7222, 2.1245]",False
2,vol,1.0,0.0001,0.5,1.4211155314933896,"[0.9179, 1.9198, 0.7222, 2.1245]",False
2,vol,1.0,0.01,0.0,1.4211155314933896,"[0.9179, 1.9198, 0.7222, 2.1245]",False
2,vol,1.0,0.01,0.25,1.4211155314933896,"[0.9179, 1.9198, 0.7222, 2.1245]",False
2,vol,1.0,0.01,0.5,1.4211155314933896,"[0.9179, 1.9198, 0.7222, 2.1245]",False
2,vol,1.0,1.0,0.0,1.4211155314933896,"[0.9179, 1.9198, 0.7222, 2.1245]",False
2,vol,1.0,1.0,0.25,1.4211155314933896,"[0.9179, 1.9198, 0.7222, 2.1245]",False
2,vol,1.0,1.0,0.5,1.4211155314933896,"[0.9179, 1.9198, 0.7222, 2.1245]",False
3,fixed,0.02,0.0001,0.0,1.1420449840431859,"[1.1428, 1.9462, -0.2514, 1.7306]",False
3,fixed,0.02,0.0001,0.25,1.1420449840431859,"[1.1428, 1.9462, -0.2514, 1.7306]",False
3,fixed,0.02,0.0001,0.5,0.5516254506520343,"[2.2065, 0.0, 0.0, 0.0]",False
3,fixed,0.02,0.01,0.0,1.1420449840431859,"[1.1428, 1.9462, -0.2514, 1.7306]",False
3,fixed,0.02,0.01,0.25,1.1420449840431859,"[1.1428, 1.9462, -0.2514, 1.7306]",False
3,fixed,0.02,0.01,0.5,0.5516254506520343,"[2.2065, 0.0, 0.0, 0.0]",False
3,fixed,0.02,1.0,0.0,1.1420449840431859,"[1.1428, 1.9462, -0.2514, 1.7306]",False
3,fixed,0.02,1.0,0.25,1.1420449840431859,"[1.1428, 1.9462, -0.2514, 1.7306]",False
3,fixed,0.02,1.0,0.5,0.5516254506520343,"[2.2065, 0.0, 0.0, 0.0]",False
3,fixed,0.03,0.0001,0.0,1.3041795806731635,"[0.8715, 2.4837, -0.2537, 2.1152]",False
3,fixed,0.03,0.0001,0.25,1.3041795806731635,"[0.8715, 2.4837, -0.2537, 2.1152]",False
3,fixed,0.03,0.0001,0.5,0.8820836581168279,"[0.8715, 1.7563, -0.2537, 1.1542]",False
3,fixed,0.03,0.01,0.0,1.3041795806731635,"[0.8715, 2.4837, -0.2537, 2.1152]",False
3,fixed,0.03,0.01,0.25,1.3041795806731635,"[0.8715, 2.4837, -0.2537, 2.1152]",False
3,fixed,0.03,0.01,0.5,0.8820836581168279,"[0.8715, 1.7563, -0.2537, 1.1542]",False
3,fixed,0.03,1.0,0.0,1.3041795806731635,"[0.8715, 2.4837, -0.2537, 2.1152]",False
3,fixed,0.03,1.0,0.25,1.3041795806731635,"[0.8715, 2.4837, -0.2537, 2.1152]",False
3,fixed,0.03,1.0,0.5,0.8820836581168279,"[0.8715, 1.7563, -0.2537, 1.1542]",False
3,fixed,0.04,0.0001,0.0,1.155005879110075,"[1.117, 1.8514, -0.3414, 1.993]",False
3,fixed,0.04,0.0001,0.25,1.155005879110075,"[1.117, 1.8514, -0.3414, 1.993]",False
3,fixed,0.04,0.0001,0.5,1.0040082807935105,"[1.117, 1.7099, -0.3414, 1.5305]",False
3,fixed,0.04,0.01,0.0,1.155005879110075,"[1.117, 1.8514, -0.3414, 1.993]",False
3,fixed,0.04,0.01,0.25,1.155005879110075,"[1.117, 1.8514, -0.3414, 1.993]",False
3,fixed,0.04,0.01,0.5,1.0040082807935105,"[1.117, 1.7099, -0.3414, 1.5305]",False
3,fixed,0.04,1.0,0.0,1.155005879110075,"[1.117, 1.8514, -0.3414, 1.993]",False
3,fixed,0.04,1.0,0.25,1.155005879110075,"[1.117, 1.8514, -0.3414, 1.993]",False
3,fixed,0.04,1.0,0.5,1.0040082807935105,"[1.117, 1.7099, -0.3414, 1.5305]",False
3,fixed,0.05,0.0001,0.0,1.1986634233934172,"[1.1438, 1.6889, -0.1485, 2.1104]",False
3,fixed,0.05,0.0001,0.25,1.1939809232780032,"[1.1438, 1.6889, -0.1485, 2.0917]",False
3,fixed,0.05,0.0001,0.5,1.0478414045651843,"[1.1438, 1.6396, -0.1485, 1.5564]",False
3,fixed,0.05,0.01,0.0,1.1986634233934172,"[1.1438, 1.6889, -0.1485, 2.1104]",False
3,fixed,0.05,0.01,0.25,1.2197326179208026,"[1.1438, 1.6889, -0.1485, 2.1947]",False
3,fixed,0.05,0.01,0.5,1.0478414045651843,"[1.1438, 1.6396, -0.1485, 1.5564]",False
3,fixed,0.05,1.0,0.0,1.1986634233934172,"[1.1438, 1.6889, -0.1485, 2.1104]",False
3,fixed,0.05,1.0,0.25,1.2396279474835432,"[1.1438, 1.6889, -0.1485, 2.2743]",False
3,fixed,0.05,1.0,0.5,1.0478414045651843,"[1.1438, 1.6396, -0.1485, 1.5564]",False
3,vol,0.25,0.0001,0.0,1.2064923052306158,"[1.364, 2.2973, -0.4452, 1.6099]",False
3,vol,0.25,0.0001,0.25,0.12558651754721303,"[0.5023, 0.0, 0.0, 0.0]",False
3,vol,0.25,0.0001,0.5,0.0,"[0.0, 0.0, 0.0, 0.0]",False
3,vol,0.25,0.01,0.0,1.2064923052306158,"[1.364, 2.2973, -0.4452, 1.6099]",False
3,vol,0.25,0.01,0.25,0.12558651754721303,"[0.5023, 0.0, 0.0, 0.0]",False
3,vol,0.25,0.01,0.5,0.0,"[0.0, 0.0, 0.0, 0.0]",False
3,vol,0.25,1.0,0.0,1.2064923052306158,"[1.364, 2.2973, -0.4452, 1.6099]",False
3,vol,0.25,1.0,0.25,0.12558651754721303,"[0.5023, 0.0, 0.0, 0.0]",False
3,vol,0.25,1.0,0.5,0.0,"[0.0, 0.0, 0.0, 0.0]",False
3,vol,0.5,0.0001,0.0,1.2032372113107226,"[1.0889, 2.1225, -0.3181, 1.9197]",False
3,vol,0.5,0.0001,0.25,1.2032372113107226,"[1.0889, 2.1225, -0.3181, 1.9197]",False
3,vol,0.5,0.0001,0.5,0.21185386991077604,"[0.5332, 0.0, 0.3142, 0.0]",False
3,vol,0.5,0.01,0.0,1.2032372113107226,"[1.0889, 2.1225, -0.3181, 1.9197]",False
3,vol,0.5,0.01,0.25,1.2032372113107226,"[1.0889, 2.1225, -0.3181, 1.9197]",False
3,vol,0.5,0.01,0.5,0.21185386991077604,"[0.5332, 0.0, 0.3142, 0.0]",False
3,vol,0.5,1.0,0.0,1.2032372113107226,"[1.0889, 2.1225, -0.3181, 1.9197]",False
3,vol,0.5,1.0,0.25,1.2032372113107226,"[1.0889, 2.1225, -0.3181, 1.9197]",False
3,vol,0.5,1.0,0.5,0.21185386991077604,"[0.5332, 0.0, 0.3142, 0.0]",False
3,vol,1.0,0.0001,0.0,1.1831790868127214,"[0.9179, 1.9991, -0.1605, 1.9762]",False
3,vol,1.0,0.0001,0.25,1.3045157314815736,"[0.9179, 1.9991, -0.1605, 2.4615]",True
3,vol,1.0,0.0001,0.5,1.0424438565146235,"[0.9179, 1.9991, -0.1605, 1.4132]",False
3,vol,1.0,0.01,0.0,1.1831790868127214,"[0.9179, 1.9991, -0.1605, 1.9762]",False
3,vol,1.0,0.01,0.25,1.3045157314815736,"[0.9179, 1.9991, -0.1605, 2.4615]",False
3,vol,1.0,0.01,0.5,1.0424438565146235,"[0.9179, 1.9991, -0.1605, 1.4132]",False
3,vol,1.0,1.0,0.0,1.1831790868127214,"[0.9179, 1.9991, -0.1605, 1.9762]",False
3,vol,1.0,1.0,0.25,1.3045157314815736,"[0.9179, 1.9991, -0.1605, 2.4615]",False
3,vol,1.0,1.0,0.5,1.0424438565146235,"[0.9179, 1.9991, -0.1605, 1.4132]",False
4,fixed,0.02,0.0001,0.0,0.8909729841854299,"[1.1428, 1.9462, -0.4775, 0.9525]",False
4,fixed,0.02,0.0001,0.25,0.8413470546235319,"[1.1428, 1.7487, -0.4897, 0.9636]",False
4,fixed,0.02,0.0001,0.5,0.6381593470516211,"[2.1358, 0.0, -1.0762, 1.493]",False
4,fixed,0.02,0.01,0.0,0.8909729841854299,"[1.1428, 1.9462, -0.4775, 0.9525]",False
4,fixed,0.02,0.01,0.25,0.8413470546235319,"[1.1428, 1.7487, -0.4897, 0.9636]",False
4,fixed,0.02,0.01,0.5,0.6381593470516211,"[2.1358, 0.0, -1.0762, 1.493]",False
4,fixed,0.02,1.0,0.0,0.8909729841854299,"[1.1428, 1.9462, -0.4775, 0.9525]",False
4,fixed,0.02,1.0,0.25,0.8534753994540588,"[1.1428, 1.7972, -0.4897, 0.9636]",False
4,fixed,0.02,1.0,0.5,0.6381593470516211,"[2.1358, 0.0, -1.0762, 1.493]",False
4,fixed,0.03,0.0001,0.0,0.9095639750603444,"[0.8715, 2.4837, -0.4715, 0.7545]",False
4,fixed,0.03,0.0001,0.25,0.9283312075280945,"[0.8715, 2.5588, -0.4715, 0.7545]",False
4,fixed,0.03,0.0001,0.5,0.5921791941382687,"[1.1536, 0.6381, -0.4715, 1.0486]",False
4,fixed,0.03,0.01,0.0,0.9095639750603444,"[0.8715, 2.4837, -0.4715, 0.7545]",False
4,fixed,0.03,0.01,0.25,0.9283312075280945,"[0.8715, 2.5588, -0.4715, 0.7545]",False
4,fixed,0.03,0.01,0.5,0.5921791941382687,"[1.1536, 0.6381, -0.4715, 1.0486]",False
4,fixed,0.03,1.0,0.0,0.9095639750603444,"[0.8715, 2.4837, -0.4715, 0.7545]",False
4,fixed,0.03,1.0,0.25,0.9098749546503813,"[0.8715, 2.485, -0.4715, 0.7545]",False
4,fixed,0.03,1.0,0.5,0.5921791941382687,"[1.1536, 0.6381, -0.4715, 1.0486]",False
4,fixed,0.04,0.0001,0.0,0.8818721525611131,"[1.117, 1.8514, -0.5536, 1.1127]",False
4,fixed,0.04,0.0001,0.25,0.7443452101384085,"[1.117, 1.3013, -0.5536, 1.1127]",False
4,fixed,0.04,0.0001,0.5,0.5883942851591923,"[1.117, 0.6775, -0.5536, 1.1127]",False
4,fixed,0.04,0.01,0.0,0.8818721525611131,"[1.117, 1.8514, -0.5536, 1.1127]",False
4,fixed,0.04,0.01,0.25,0.7443452101384085,"[1.117, 1.3013, -0.5536, 1.1127]",False
4,fixed,0.04,0.01,0.5,0.5883942851591923,"[1.117, 0.6775, -0.5536, 1.1127]",False
4,fixed,0.04,1.0,0.0,0.8818721525611131,"[1.117, 1.8514, -0.5536, 1.1127]",False
4,fixed,0.04,1.0,0.25,0.7275350706449548,"[1.117, 1.2341, -0.5536, 1.1127]",False
4,fixed,0.04,1.0,0.5,0.5883942851591923,"[1.117, 0.6775, -0.5536, 1.1127]",False
4,fixed,0.05,0.0001,0.0,0.7741803386329938,"[1.1438, 1.5853, -0.3706, 0.7382]",False
4,fixed,0.05,0.0001,0.25,0.5810535085925761,"[1.1438, 0.8128, -0.3706, 0.7382]",False
4,fixed,0.05,0.0001,0.5,0.566667476796383,"[1.3601, 0.4724, -0.3706, 0.8048]",False
4,fixed,0.05,0.01,0.0,0.7741803386329938,"[1.1438, 1.5853, -0.3706, 0.7382]",False
4,fixed,0.05,0.01,0.25,0.5810535085925761,"[1.1438, 0.8128, -0.3706, 0.7382]",False
4,fixed,0.05,0.01,0.5,0.566667476796383,"[1.3601, 0.4724, -0.3706, 0.8048]",False
4,fixed,0.05,1.0,0.0,0.7928302554901061,"[1.1438, 1.6599, -0.3706, 0.7382]",False
4,fixed,0.05,1.0,0.25,0.5501368721027651,"[1.1438, 0.6892, -0.3706, 0.7382]",False
4,fixed,0.05,1.0,0.5,0.44855940624960733,"[1.3601, 0.0, -0.3706, 0.8048]",False
4,vol,0.25,0.0001,0.0,0.9342726871906268,"[1.364, 2.2973, -0.6508, 0.7266]",True
4,vol,0.25,0.0001,0.25,0.0,"[0.0, 0.0, 0.0, 0.0]",False
4,vol,0.25,0.0001,0.5,0.0,"[0.0, 0.0, 0.0, 0.0]",False
4,vol,0.25,0.01,0.0,0.9342726871906268,"[1.364, 2.2973, -0.6508, 0.7266]",False
4,vol,0.25,0.01,0.25,0.0,"[0.0, 0.0, 0.0, 0.0]",False
4,vol,0.25,0.01,0.5,0.0,"[0.0, 0.0, 0.0, 0.0]",False
4,vol,0.25,1.0,0.0,0.9342726871906268,"[1.364, 2.2973, -0.6508, 0.7266]",False
4,vol,0.25,1.0,0.25,0.0,"[0.0, 0.0, 0.0, 0.0]",False
4,vol,0.25,1.0,0.5,0.0,"[0.0, 0.0, 0.0, 0.0]",False
4,vol,0.5,0.0001,0.0,0.9071996083315346,"[1.0889, 2.1225, -0.5353, 0.9528]",False
4,vol,0.5,0.0001,0.25,0.9119405027240155,"[1.0889, 2.1415, -0.5353, 0.9528]",False
4,vol,0.5,0.0001,0.5,0.15777683861202366,"[0.6311, 0.0, 0.0, 0.0]",False
4,vol,0.5,0.01,0.0,0.9071996083315346,"[1.0889, 2.1225, -0.5353, 0.9528]",False
4,vol,0.5,0.01,0.25,0.9119405027240155,"[1.0889, 2.1415, -0.5353, 0.9528]",False
4,vol,0.5,0.01,0.5,0.15777683861202366,"[0.6311, 0.0, 0.0, 0.0]",False
4,vol,0.5,1.0,0.0,0.9071996083315346,"[1.0889, 2.1225, -0.5353, 0.9528]",False
4,vol,0.5,1.0,0.25,0.9119405027240155,"[1.0889, 2.1415, -0.5353, 0.9528]",False
4,vol,0.5,1.0,0.5,0.15777683861202366,"[0.6311, 0.0, 0.0, 0.0]",False
4,vol,1.0,0.0001,0.0,0.7412315464314758,"[0.9179, 1.7993, -0.3832, 0.6309]",False
4,vol,1.0,0.0001,0.25,0.5555924334941678,"[0.9179, 1.0568, -0.3832, 0.6309]",False
4,vol,1.0,0.0001,0.5,0.4441669140378582,"[0.9179, 0.0, -0.3832, 1.2419]",False
4,vol,1.0,0.01,0.0,0.7412315464314758,"[0.9179, 1.7993, -0.3832, 0.6309]",False
4,vol,1.0,0.01,0.25,0.5555924334941678,"[0.9179, 1.0568, -0.3832, 0.6309]",False
4,vol,1.0,0.01,0.5,0.4441669140378582,"[0.9179, 0.0, -0.3832, 1.2419]",False
4,vol,1.0,1.0,0.0,0.7412315464314758,"[0.9179, 1.7993, -0.3832, 0.6309]",False
4,vol,1.0,1.0,0.25,0.5555924334941678,"[0.9179, 1.0568, -0.3832, 0.6309]",False
4,vol,1.0,1.0,0.5,0.4068942959739798,"[0.9179, 0.0, -0.3832, 1.0929]",False
5,fixed,0.02,0.0001,0.0,0.2325895995557612,"[-1.1009, -0.7532, 0.9613, 1.8232]",False
5,fixed,0.02,0.0001,0.25,0.45309307320159764,"[-1.1009, -0.7815, 0.9545, 2.7402]",False
5,fixed,0.02,0.0001,0.5,0.0,"[0.0, 0.0, 0.0, 0.0]",False
5,fixed,0.02,0.01,0.0,0.2325895995557612,"[-1.1009, -0.7532, 0.9613, 1.8232]",False
5,fixed,0.02,0.01,0.25,0.45309307320159764,"[-1.1009, -0.7815, 0.9545, 2.7402]",False
5,fixed,0.02,0.01,0.5,0.0,"[0.0, 0.0, 0.0, 0.0]",False
5,fixed,0.02,1.0,0.0,0.2325895995557612,"[-1.1009, -0.7532, 0.9613, 1.8232]",False
5,fixed,0.02,1.0,0.25,0.45309307320159764,"[-1.1009, -0.7815, 0.9545, 2.7402]",False
5,fixed,0.02,1.0,0.5,0.0,"[0.0, 0.0, 0.0, 0.0]",False
5,fixed,0.03,0.0001,0.0,0.31097661220025963,"[-0.9909, -0.7465, 0.8556, 2.1257]",False
5,fixed,0.03,0.0001,0.25,0.5036790687444546,"[-0.9909, -0.7465, 0.8556, 2.8965]",False
5,fixed,0.03,0.0001,0.5,0.44951112435394014,"[0.4781, 0.0, 1.3199, 0.0]",False
5,fixed,0.03,0.01,0.0,0.31097661220025963,"[-0.9909, -0.7465, 0.8556, 2.1257]",False
5,fixed,0.03,0.01,0.25,0.5036790687444546,"[-0.9909, -0.7465, 0.8556, 2.8965]",False
5,fixed,0.03,0.01,0.5,0.44951112435394014,"[0.4781, 0.0, 1.3199, 0.0]",False
5,fixed,0.03,1.0,0.0,0.31097661220025963,"[-0.9909, -0.7465, 0.8556, 2.1257]",False
5,fixed,0.03,1.0,0.25,0.5101823985785217,"[-0.9909, -0.7465, 0.8556, 2.9225]",False
5,fixed,0.03,1.0,0.5,0.44951112435394014,"[0.4781, 0.0, 1.3199, 0.0]",False
5,fixed,0.04,0.0001,0.0,0.356704315925357,"[-0.9047, -0.8686, 1.1449, 2.0551]",False
5,fixed,0.04,0.0001,0.25,0.3807114806173275,"[-0.9047, -0.8686, 1.1449, 2.1512]",False
5,fixed,0.04,0.0001,0.5,0.11102008137352909,"[-0.9047, -0.8686, 0.9042, 1.3131]",False
5,fixed,0.04,0.01,0.0,0.356704315925357,"[-0.9047, -0.8686, 1.1449, 2.0551]",False
5,fixed,0.04,0.01,0.25,0.3807114806173275,"[-0.9047, -0.8686, 1.1449, 2.1512]",False
5,fixed,0.04,0.01,0.5,0.11102008137352909,"[-0.9047, -0.8686, 0.9042, 1.3131]",False
5,fixed,0.04,1.0,0.0,0.2741858810125609,"[-0.9047, -0.8686, 1.1449, 1.7251]",False
5,fixed,0.04,1.0,0.25,0.3650862793922275,"[-0.9047, -0.8686, 1.1449, 2.0887]",False
5,fixed,0.04,1.0,0.5,0.16208588213210712,"[-0.9047, -0.8686, 0.9042, 1.5173]",False
5,fixed,0.05,0.0001,0.0,0.3180407781962199,"[-1.0098, -0.6935, 0.8522, 2.1232]",False
5,fixed,0.05,0.0001,0.25,0.30474789372198136,"[-1.0098, -0.6935, 0.853, 2.0692]",False
5,fixed,0.05,0.0001,0.5,0.09916641761277872,"[-1.0098, -0.6935, 0.6614, 1.4385]",False
5,fixed,0.05,0.01,0.0,0.3180407781962199,"[-1.0098, -0.6935, 0.8522, 2.1232]",False
5,fixed,0.05,0.01,0.25,0.30474789372198136,"[-1.0098, -0.6935, 0.853, 2.0692]",False
5,fixed,0.05,0.01,0.5,0.09916641761277872,"[-1.0098, -0.6935, 0.6614, 1.4385]",False
5,fixed,0.05,1.0,0.0,0.33765551007346917,"[-1.0098, -0.6935, 0.8522, 2.2017]",False
5,fixed,0.05,1.0,0.25,0.2737742417135906,"[-1.0098, -0.6935, 0.853, 1.9453]",False
5,fixed,0.05,1.0,0.5,0.10020802634725473,"[-1.0098, -0.6935, 0.6614, 1.4427]",False
5,vol,0.25,0.0001,0.0,0.122282899492341,"[-0.9786, -0.8862, 0.7368, 1.6171]",False
5,vol,0.25,0.0001,0.25,0.8630626190761128,"[0.0, 0.0, 1.5509, 1.9014]",True
5,vol,0.25,0.0001,0.5,0.0,"[0.0, 0.0, 0.0, 0.0]",False
5,vol,0.25,0.01,0.0,0.122282899492341,"[-0.9786, -0.8862, 0.7368, 1.6171]",False
5,vol,0.25,0.01,0.25,0.8630626190761128,"[0.0, 0.0, 1.5509, 1.9014]",False
5,vol,0.25,0.01,0.5,0.0,"[0.0, 0.0, 0.0, 0.0]",False
5,vol,0.25,1.0,0.0,0.122282899492341,"[-0.9786, -0.8862, 0.7368, 1.6171]",False
5,vol,0.25,1.0,0.25,0.8630626190761128,"[0.0, 0.0, 1.5509, 1.9014]",False
5,vol,0.25,1.0,0.5,0.0,"[0.0, 0.0, 0.0, 0.0]",False
5,vol,0.5,0.0001,0.0,0.2461530751057347,"[-1.0994, -0.8051, 0.9611, 1.928]",False
5,vol,0.5,0.0001,0.25,0.2818363212374056,"[-1.0994, -0.8051, 0.9227, 2.1092]",False
5,vol,0.5,0.0001,0.5,0.6674641267570657,"[0.0, 0.0, 2.6699, 0.0]",False
5,vol,0.5,0.01,0.0,0.2461530751057347,"[-1.0994, -0.8051, 0.9611, 1.928]",False
5,vol,0.5,0.01,0.25,0.2818363212374056,"[-1.0994, -0.8051, 0.9227, 2.1092]",False
5,vol,0.5,0.01,0.5,0.6674641267570657,"[0.0, 0.0, 2.6699, 0.0]",False
5,vol,0.5,1.0,0.0,0.2461530751057347,"[-1.0994, -0.8051, 0.9611, 1.928]",False
5,vol,0.5,1.0,0.25,0.2818363212374056,"[-1.0994, -0.8051, 0.9227, 2.1092]",False
5,vol,0.5,1.0,0.5,0.6674641267570657,"[0.0, 0.0, 2.6699, 0.0]",False
5,vol,1.0,0.0001,0.0,0.4033443492790507,"[-0.935, -0.6965, 0.8032, 2.4417]",False
5,vol,1.0,0.0001,0.25,0.2844863538422334,"[-0.935, -0.6965, 0.8032, 1.9663]",False
5,vol,1.0,0.0001,0.5,0.2712011932787495,"[-0.935, -0.6965, 0.6682, 2.0481]",False
5,vol,1.0,0.01,0.0,0.4033443492790507,"[-0.935, -0.6965, 0.8032, 2.4417]",False
5,vol,1.0,0.01,0.25,0.2844863538422334,"[-0.935, -0.6965, 0.8032, 1.9663]",False
5,vol,1.0,0.01,0.5,0.2712011932787495,"[-0.935, -0.6965, 0.6682, 2.0481]",False
5,vol,1.0,1.0,0.0,0.413900747126013,"[-0.935, -0.6965, 0.8032, 2.4839]",False
5,vol,1.0,1.0,0.25,0.28533768781234814,"[-0.935, -0.6965, 0.8032, 1.9697]",False
5,vol,1.0,1.0,0.5,0.2758732288700909,"[-0.935, -0.6965, 0.6682, 2.0668]",False
6,fixed,0.02,0.0001,0.0,0.7700656666896982,"[-1.1009, 1.6512, 0.7068, 1.8232]",False
6,fixed,0.02,0.0001,0.25,0.6829170773200357,"[-1.1009, 1.6512, 0.7068, 1.4746]",False
6,fixed,0.02,0.0001,0.5,0.0,"[0.0, 0.0, 0.0, 0.0]",False
6,fixed,0.02,0.01,0.0,0.7700656666896982,"[-1.1009, 1.6512, 0.7068, 1.8232]",False
6,fixed,0.02,0.01,0.25,0.6829170773200357,"[-1.1009, 1.6512, 0.7068, 1.4746]",False
6,fixed,0.02,0.01,0.5,0.0,"[0.0, 0.0, 0.0, 0.0]",False
6,fixed,0.02,1.0,0.0,0.7700656666896982,"[-1.1009, 1.6512, 0.7068, 1.8232]",False
6,fixed,0.02,1.0,0.25,0.6829170773200357,"[-1.1009, 1.6512, 0.7068, 1.4746]",False
6,fixed,0.02,1.0,0.5,0.0,"[0.0, 0.0, 0.0, 0.0]",False
6,fixed,0.03,0.0001,0.0,1.0103054552008628,"[-0.9909, 2.0121, 0.8943, 2.1257]",False
6,fixed,0.03,0.0001,0.25,0.9442719306664604,"[-0.9909, 2.0121, 0.8943, 1.8616]",False
6,fixed,0.03,0.0001,0.5,1.4398324680828467,"[-0.9909, 2.0858, 1.8595, 2.8048]",False
6,fixed,0.03,0.01,0.0,1.0103054552008628,"[-0.9909, 2.0121, 0.8943, 2.1257]",False
6,fixed,0.03,0.01,0.25,0.9442719306664604,"[-0.9909, 2.0121, 0.8943, 1.8616]",False
6,fixed,0.03,0.01,0.5,1.4398324680828467,"[-0.9909, 2.0858, 1.8595, 2.8048]",False
6,fixed,0.03,1.0,0.0,1.0103054552008628,"[-0.9909, 2.0121, 0.8943, 2.1257]",False
6,fixed,0.03,1.0,0.25,0.9442719306664604,"[-0.9909, 2.0121, 0.8943, 1.8616]",False
6,fixed,0.03,1.0,0.5,1.4416852460935359,"[-0.9909, 2.0932, 1.8595, 2.8048]",True
6,fixed,0.04,0.0001,0.0,0.8217866444491222,"[-0.9047, 1.545, 0.6632, 1.9837]",False
6,fixed,0.04,0.0001,0.25,0.8183521262288769,"[-0.9047, 1.545, 0.6632, 1.9699]",False
6,fixed,0.04,0.0001,0.5,0.7433909353010815,"[-0.9047, 1.545, 0.6632, 1.6701]",False
6,fixed,0.04,0.01,0.0,0.8217866444491222,"[-0.9047, 1.545, 0.6632, 1.9837]",False
6,fixed,0.04,0.01,0.25,0.8183521262288769,"[-0.9047, 1.545, 0.6632, 1.9699]",False
6,fixed,0.04,0.01,0.5,0.7433909353010815,"[-0.9047, 1.545, 0.6632, 1.6701]",False
6,fixed,0.04,1.0,0.0,0.8217866444491222,"[-0.9047, 1.545, 0.6632, 1.9837]",False
6,fixed,0.04,1.0,0.25,0.8183521262288769,"[-0.9047, 1.545, 0.6632, 1.9699]",False
6,fixed,0.04,1.0,0.5,0.763439432878623,"[-0.9047, 1.545, 0.6632, 1.7503]",False
6,fixed,0.05,0.0001,0.0,0.7620815991288632,"[-1.0098, 1.2711, 0.6988, 2.0883]",False
6,fixed,0.05,0.0001,0.25,0.8081400074094282,"[-1.0098, 1.2711, 0.6988, 2.2725]",False
6,fixed,0.05,0.0001,0.5,0.8464788231162215,"[-1.0098, 1.2711, 0.6988, 2.4259]",False
6,fixed,0.05,0.01,0.0,0.7620815991288632,"[-1.0098, 1.2711, 0.6988, 2.0883]",False
6,fixed,0.05,0.01,0.25,0.8081400074094282,"[-1.0098, 1.2711, 0.6988, 2.2725]",False
6,fixed,0.05,0.01,0.5,0.8464788231162215,"[-1.0098, 1.2711, 0.6988, 2.4259]",False
6,fixed,0.05,1.0,0.0,0.7620815991288632,"[-1.0098, 1.2711, 0.6988, 2.0883]",False
6,fixed,0.05,1.0,0.25,0.7980890426991964,"[-1.0098, 1.2711, 0.6988, 2.2323]",False
6,fixed,0.05,1.0,0.5,0.8637944362407936,"[-1.0098, 1.2711, 0.6988, 2.4951]",False
6,vol,0.25,0.0001,0.0,0.8821834577371759,"[-0.9786, 2.2145, 0.6757, 1.6171]",False
6,vol,0.25,0.0001,0.25,0.2539889029677011,"[0.0, 0.0, 0.0, 1.016]",False
6,vol,0.25,0.0001,0.5,0.0,"[0.0, 0.0, 0.0, 0.0]",False
6,vol,0.25,0.01,0.0,0.8821834577371759,"[-0.9786, 2.2145, 0.6757, 1.6171]",False
6,vol,0.25,0.01,0.25,0.2539889029677011,"[0.0, 0.0, 0.0, 1.016]",False
6,vol,0.25,0.01,0.5,0.0,"[0.0, 0.0, 0.0, 0.0]",False
6,vol,0.25,1.0,0.0,0.8821834577371759,"[-0.9786, 2.2145, 0.6757, 1.6171]",False
6,vol,0.25,1.0,0.25,0.2539889029677011,"[0.0, 0.0, 0.0, 1.016]",False
6,vol,0.25,1.0,0.5,0.0,"[0.0, 0.0, 0.0, 0.0]",False
6,vol,0.5,0.0001,0.0,0.8707666903640439,"[-1.0994, 1.7317, 0.9228, 1.928]",False
6,vol,0.5,0.0001,0.25,0.8707666903640439,"[-1.0994, 1.7317, 0.9228, 1.928]",False
6,vol,0.5,0.0001,0.5,0.2543332631813634,"[0.0, 0.0, 1.0173, 0.0]",False
6,vol,0.5,0.01,0.0,0.8707666903640439,"[-1.0994, 1.7317, 0.9228, 1.928]",False
6,vol,0.5,0.01,0.25,0.8707666903640439,"[-1.0994, 1.7317, 0.9228, 1.928]",False
6,vol,0.5,0.01,0.5,0.2543332631813634,"[0.0, 0.0, 1.0173, 0.0]",False
6,vol,0.5,1.0,0.0,0.8707666903640439,"[-1.0994, 1.7317, 0.9228, 1.928]",False
6,vol,0.5,1.0,0.25,0.8707666903640439,"[-1.0994, 1.7317, 0.9228, 1.928]",False
6,vol,0.5,1.0,0.5,0.2543332631813634,"[0.0, 0.0, 1.0173, 0.0]",False
6,vol,1.0,0.0001,0.0,0.8548887094946223,"[-0.935, 1.5079, 0.7222, 2.1245]",False
6,vol,1.0,0.0001,0.25,0.8548887094946223,"[-0.935, 1.5079, 0.7222, 2.1245]",False
6,vol,1.0,0.0001,0.5,1.0388695012503184,"[-0.935, 1.5079, 0.7222, 2.8604]",False
6,vol,1.0,0.01,0.0,0.8548887094946223,"[-0.935, 1.5079, 0.7222, 2.1245]",False
6,vol,1.0,0.01,0.25,0.8548887094946223,"[-0.935, 1.5079, 0.7222, 2.1245]",False
6,vol,1.0,0.01,0.5,1.0388695012503184,"[-0.935, 1.5079, 0.7222, 2.8604]",False
6,vol,1.0,1.0,0.0,0.8548887094946223,"[-0.935, 1.5079, 0.7222, 2.1245]",False
6,vol,1.0,1.0,0.25,0.8548887094946223,"[-0.935, 1.5079, 0.7222, 2.1245]",False
6,vol,1.0,1.0,0.5,0.8601417567557459,"[-0.935, 1.5079, 0.7222, 2.1455]",False
7,fixed,0.02,0.0001,0.0,0.5390826478648335,"[-1.1009, 1.778, -0.2514, 1.7306]",False
7,fixed,0.02,0.0001,0.25,0.3045067178005236,"[-1.1009, 1.5959, -0.2514, 0.9744]",False
7,fixed,0.02,0.0001,0.5,0.0,"[0.0, 0.0, 0.0, 0.0]",False
7,fixed,0.02,0.01,0.0,0.5390826478648335,"[-1.1009, 1.778, -0.2514, 1.7306]",False
7,fixed,0.02,0.01,0.25,0.3045067178005236,"[-1.1009, 1.5959, -0.2514, 0.9744]",False
7,fixed,0.02,0.01,0.5,0.0,"[0.0, 0.0, 0.0, 0.0]",False
7,fixed,0.02,1.0,0.0,0.5390826478648335,"[-1.1009, 1.778, -0.2514, 1.7306]",False
7,fixed,0.02,1.0,0.25,0.3045067178005236,"[-1.1009, 1.5959, -0.2514, 0.9744]",False
7,fixed,0.02,1.0,0.5,0.0,"[0.0, 0.0, 0.0, 0.0]",False
7,fixed,0.03,0.0001,0.0,0.7570998971292011,"[-0.9909, 2.1578, -0.2537, 2.1152]",False
7,fixed,0.03,0.0001,0.25,0.7110545677753495,"[-0.9909, 2.1578, -0.2537, 1.931]",False
7,fixed,0.03,0.0001,0.5,-0.17808255524075675,"[-0.9909, 0.0, -0.2502, 0.5288]",False
7,fixed,0.03,0.01,0.0,0.7570998971292011,"[-0.9909, 2.1578, -0.2537, 2.1152]",False
7,fixed,0.03,0.01,0.25,0.7110545677753495,"[-0.9909, 2.1578, -0.2537, 1.931]",False
7,fixed,0.03,0.01,0.5,-0.17808255524075675,"[-0.9909, 0.0, -0.2502, 0.5288]",False
7,fixed,0.03,1.0,0.0,0.7570998971292011,"[-0.9909, 2.1578, -0.2537, 2.1152]",False
7,fixed,0.03,1.0,0.25,0.7203809204505924,"[-0.9909, 2.1578, -0.2537, 1.9683]",False
7,fixed,0.03,1.0,0.5,-0.17808255524075675,"[-0.9909, 0.0, -0.2502, 0.5288]",False
7,fixed,0.04,0.0001,0.0,0.6592157599653222,"[-0.9047, 1.6339, -0.3414, 2.249]",False
7,fixed,0.04,0.0001,0.25,0.4603697845872844,"[-0.9047, 1.6278, -0.3414, 1.4597]",False
7,fixed,0.04,0.0001,0.5,0.26435951426419246,"[-0.9047, 0.9716, -0.3414, 1.3319]",False
7,fixed,0.04,0.01,0.0,0.6592157599653222,"[-0.9047, 1.6339, -0.3414, 2.249]",False
7,fixed,0.04,0.01,0.25,0.4603697845872844,"[-0.9047, 1.6278, -0.3414, 1.4597]",False
7,fixed,0.04,0.01,0.5,0.26435951426419246,"[-0.9047, 0.9716, -0.3414, 1.3319]",False
7,fixed,0.04,1.0,0.0,0.6592157599653222,"[-0.9047, 1.6339, -0.3414, 2.249]",False
7,fixed,0.04,1.0,0.25,0.4935270244339901,"[-0.9047, 1.6278, -0.3414, 1.5924]",False
7,fixed,0.04,1.0,0.5,-0.06860834229222074,"[-0.9047, 0.9716, -0.3414, 0.0]",False
7,fixed,0.05,0.0001,0.0,0.6788972520001741,"[-1.0098, 1.3057, -0.1485, 2.5682]",False
7,fixed,0.05,0.0001,0.25,0.5999955911672957,"[-1.0098, 1.3568, -0.1485, 2.2015]",False
7,fixed,0.05,0.0001,0.5,0.002723829088381702,"[-1.0098, 0.0, -0.1485, 1.1692]",False
7,fixed,0.05,0.01,0.0,0.6788972520001741,"[-1.0098, 1.3057, -0.1485, 2.5682]",False
7,fixed,0.05,0.01,0.25,0.5999955911672957,"[-1.0098, 1.3568, -0.1485, 2.2015]",False
7,fixed,0.05,0.01,0.5,0.002723829088381702,"[-1.0098, 0.0, -0.1485, 1.1692]",False
7,fixed,0.05,1.0,0.0,0.6370904591496034,"[-1.0098, 1.3057, -0.1485, 2.401]",False
7,fixed,0.05,1.0,0.25,0.5999955911672957,"[-1.0098, 1.3568, -0.1485, 2.2015]",False
7,fixed,0.05,1.0,0.5,-0.0427073783957958,"[-1.0098, 0.0, -0.1485, 0.9874]",False
7,vol,0.25,0.0001,0.0,0.614463247043218,"[-0.9786, 2.2717, -0.4452, 1.6099]",False
7,vol,0.25,0.0001,0.25,0.0,"[0.0, 0.0, 0.0, 0.0]",False
7,vol,0.25,0.0001,0.5,0.0,"[0.0, 0.0, 0.0, 0.0]",False
7,vol,0.25,0.01,0.0,0.614463247043218,"[-0.9786, 2.2717, -0.4452, 1.6099]",False
7,vol,0.25,0.01,0.25,0.0,"[0.0, 0.0, 0.0, 0.0]",False
7,vol,0.25,0.01,0.5,0.0,"[0.0, 0.0, 0.0, 0.0]",False
7,vol,0.25,1.0,0.0,0.614463247043218,"[-0.9786, 2.2717, -0.4452, 1.6099]",False
7,vol,0.25,1.0,0.25,0.0,"[0.0, 0.0, 0.0, 0.0]",False
7,vol,0.25,1.0,0.5,0.0,"[0.0, 0.0, 0.0, 0.0]",False
7,vol,0.5,0.0001,0.0,0.5906087018848049,"[-1.0994, 1.8603, -0.3181, 1.9197]",False
7,vol,0.5,0.0001,0.25,0.545837363754862,"[-1.0994, 1.8597, -0.3181, 1.7412]",False
7,vol,0.5,0.0001,0.5,0.625344853237036,"[0.729, 0.0, 1.7723, 0.0]",False
7,vol,0.5,0.01,0.0,0.5906087018848049,"[-1.0994, 1.8603, -0.3181, 1.9197]",False
7,vol,0.5,0.01,0.25,0.545837363754862,"[-1.0994, 1.8597, -0.3181, 1.7412]",False
7,vol,0.5,0.01,0.5,0.625344853237036,"[0.729, 0.0, 1.7723, 0.0]",False
7,vol,0.5,1.0,0.0,0.5906087018848049,"[-1.0994, 1.8603, -0.3181, 1.9197]",False
7,vol,0.5,1.0,0.25,0.545837363754862,"[-1.0994, 1.8597, -0.3181, 1.7412]",False
7,vol,0.5,1.0,0.5,0.625344853237036,"[0.729, 0.0, 1.7723, 0.0]",False
7,vol,1.0,0.0001,0.0,0.782825539331631,"[-0.935, 1.599, -0.1605, 2.6278]",True
7,vol,1.0,0.0001,0.25,0.5908078705775097,"[-0.935, 1.5457, -0.1605, 1.9131]",False
7,vol,1.0,0.0001,0.5,0.28754975521155934,"[-0.935, 2.2457, -0.1605, 0.0]",False
7,vol,1.0,0.01,0.0,0.782825539331631,"[-0.935, 1.599, -0.1605, 2.6278]",False
7,vol,1.0,0.01,0.25,0.5908078705775097,"[-0.935, 1.5457, -0.1605, 1.9131]",False
7,vol,1.0,0.01,0.5,0.28754975521155934,"[-0.935, 2.2457, -0.1605, 0.0]",False
7,vol,1.0,1.0,0.0,0.782825539331631,"[-0.935, 1.599, -0.1605, 2.6278]",False
7,vol,1.0,1.0,0.25,0.5908078705775097,"[-0.935, 1.5457, -0.1605, 1.9131]",False
7,vol,1.0,1.0,0.5,0.28255115185772295,"[-0.935, 2.2257, -0.1605, 0.0]",False
8,fixed,0.02,0.0001,0.0,0.28801064800707765,"[-1.1009, 1.778, -0.4775, 0.9525]",False
8,fixed,0.02,0.0001,0.25,0.2215562090572388,"[-1.1009, 1.5122, -0.4775, 0.9525]",False
8,fixed,0.02,0.0001,0.5,0.0,"[0.0, 0.0, 0.0, 0.0]",False
8,fixed,0.02,0.01,0.0,0.28801064800707765,"[-1.1009, 1.778, -0.4775, 0.9525]",False
8,fixed,0.02,0.01,0.25,0.2215562090572388,"[-1.1009, 1.5122, -0.4775, 0.9525]",False
8,fixed,0.02,0.01,0.5,0.0,"[0.0, 0.0, 0.0, 0.0]",False
8,fixed,0.02,1.0,0.0,0.28801064800707765,"[-1.1009, 1.778, -0.4775, 0.9525]",False
8,fixed,0.02,1.0,0.25,0.2215562090572388,"[-1.1009, 1.5122, -0.4775, 0.9525]",False
8,fixed,0.02,1.0,0.5,0.0,"[0.0, 0.0, 0.0, 0.0]",False
8,fixed,0.03,0.0001,0.0,0.36248429151638206,"[-0.9909, 2.1578, -0.4715, 0.7545]",False
8,fixed,0.03,0.0001,0.25,0.5636880593326621,"[-0.9909, 2.9626, -0.4715, 0.7545]",False
8,fixed,0.03,0.0001,0.5,0.6217769832043762,"[1.3432, 0.0, 0.0, 1.1439]",True
8,fixed,0.03,0.01,0.0,0.36248429151638206,"[-0.9909, 2.1578, -0.4715, 0.7545]",False
8,fixed,0.03,0.01,0.25,0.5636880593326621,"[-0.9909, 2.9626, -0.4715, 0.7545]",False
8,fixed,0.03,0.01,0.5,0.6217769832043762,"[1.3432, 0.0, 0.0, 1.1439]",False
8,fixed,0.03,1.0,0.0,0.36248429151638206,"[-0.9909, 2.1578, -0.4715, 0.7545]",False
8,fixed,0.03,1.0,0.25,0.2933491691036032,"[-0.9909, 1.8812, -0.4715, 0.7545]",False
8,fixed,0.03,1.0,0.5,0.6217769832043762,"[1.3432, 0.0, 0.0, 1.1439]",False
8,fixed,0.04,0.0001,0.0,0.3750674330494441,"[-0.9047, 1.8458, -0.5536, 1.1127]",False
8,fixed,0.04,0.0001,0.25,0.13735854460164862,"[-0.9047, 0.895, -0.5536, 1.1127]",False
8,fixed,0.04,0.0001,0.5,-0.08519360233864331,"[-0.9047, 0.0, -0.2332, 0.7971]",False
8,fixed,0.04,0.01,0.0,0.3750674330494441,"[-0.9047, 1.8458, -0.5536, 1.1127]",False
8,fixed,0.04,0.01,0.25,0.13735854460164862,"[-0.9047, 0.895, -0.5536, 1.1127]",False
8,fixed,0.04,0.01,0.5,-0.08519360233864331,"[-0.9047, 0.0, -0.2332, 0.7971]",False
8,fixed,0.04,1.0,0.0,0.23233282917079942,"[-0.9047, 1.2749, -0.5536, 1.1127]",False
8,fixed,0.04,1.0,0.25,0.08682978232577437,"[-0.9047, 0.6929, -0.5536, 1.1127]",False
8,fixed,0.04,1.0,0.5,-0.21231046229600709,"[-0.9047, 0.0, -0.7417, 0.7971]",False
8,fixed,0.05,0.0001,0.0,0.16482514532753495,"[-1.0098, 1.3015, -0.3706, 0.7382]",False
8,fixed,0.05,0.0001,0.25,0.4880350595627947,"[-1.0098, 2.5944, -0.3706, 0.7382]",False
8,fixed,0.05,0.0001,0.5,-0.04771214726044626,"[-0.9956, 0.0, -0.1815, 0.9862]",False
8,fixed,0.05,0.01,0.0,0.16482514532753495,"[-1.0098, 1.3015, -0.3706, 0.7382]",False
8,fixed,0.05,0.01,0.25,0.4880350595627947,"[-1.0098, 2.5944, -0.3706, 0.7382]",False
8,fixed,0.05,0.01,0.5,-0.04771214726044626,"[-0.9956, 0.0, -0.1815, 0.9862]",False
8,fixed,0.05,1.0,0.0,0.21568020680491579,"[-1.0098, 1.5049, -0.3706, 0.7382]",False
8,fixed,0.05,1.0,0.25,-0.16055305326605926,"[-1.0098, 0.0, -0.3706, 0.7382]",False
8,fixed,0.05,1.0,0.5,-0.08407622346783536,"[-0.9956, 0.0, -0.2436, 0.9029]",False
8,vol,0.25,0.0001,0.0,0.33434470664396126,"[-0.9786, 2.2401, -0.6508, 0.7266]",False
8,vol,0.25,0.0001,0.25,0.0,"[0.0, 0.0, 0.0, 0.0]",False
8,vol,0.25,0.0001,0.5,0.0,"[0.0, 0.0, 0.0, 0.0]",False
8,vol,0.25,0.01,0.0,0.33434470664396126,"[-0.9786, 2.2401, -0.6508, 0.7266]",False
8,vol,0.25,0.01,0.25,0.0,"[0.0, 0.0, 0.0, 0.0]",False
8,vol,0.25,0.01,0.5,0.0,"[0.0, 0.0, 0.0, 0.0]",False
8,vol,0.25,1.0,0.0,0.33434470664396126,"[-0.9786, 2.2401, -0.6508, 0.7266]",False
8,vol,0.25,1.0,0.25,0.0,"[0.0, 0.0, 0.0, 0.0]",False
8,vol,0.25,1.0,0.5,0.0,"[0.0, 0.0, 0.0, 0.0]",False
8,vol,0.5,0.0001,0.0,0.2945710989056167,"[-1.0994, 1.8603, -0.5353, 0.9528]",False
8,vol,0.5,0.0001,0.25,0.22733488409139627,"[-1.0994, 1.5914, -0.5353, 0.9528]",False
8,vol,0.5,0.0001,0.5,0.0,"[0.0, 0.0, 0.0, 0.0]",False
8,vol,0.5,0.01,0.0,0.2945710989056167,"[-1.0994, 1.8603, -0.5353, 0.9528]",False
8,vol,0.5,0.01,0.25,0.22733488409139627,"[-1.0994, 1.5914, -0.5353, 0.9528]",False
8,vol,0.5,0.01,0.5,0.0,"[0.0, 0.0, 0.0, 0.0]",False
8,vol,0.5,1.0,0.0,0.2945710989056167,"[-1.0994, 1.8603, -0.5353, 0.9528]",False
8,vol,0.5,1.0,0.25,0.2225448853616752,"[-1.0994, 1.5722, -0.5353, 0.9528]",False
8,vol,0.5,1.0,0.5,0.0,"[0.0, 0.0, 0.0, 0.0]",False
8,vol,1.0,0.0001,0.0,0.10450703353510869,"[-0.935, 1.1053, -0.3832, 0.6309]",False
8,vol,1.0,0.0001,0.25,0.4409776795220671,"[-0.935, 2.3522, -0.3832, 0.7299]",False
8,vol,1.0,0.0001,0.5,-0.18375620330271072,"[-0.935, 0.0, -0.5985, 0.7985]",False
8,vol,1.0,0.01,0.0,0.10450703353510869,"[-0.935, 1.1053, -0.3832, 0.6309]",False
8,vol,1.0,0.01,0.25,0.4409776795220671,"[-0.935, 2.3522, -0.3832, 0.7299]",False
8,vol,1.0,0.01,0.5,-0.18375620330271072,"[-0.935, 0.0, -0.5985, 0.7985]",False
8,vol,1.0,1.0,0.0,0.10492509439027907,"[-0.935, 1.107, -0.3832, 0.6309]",False
8,vol,1.0,1.0,0.25,0.32257096837610133,"[-0.935, 1.8786, -0.3832, 0.7299]",False
8,vol,1.0,1.0,0.5,-0.08054592900547411,"[-0.935, 0.0, -0.0266, 0.6394]",False
9,fixed,0.02,0.0001,0.0,0.9511967532423469,"[-1.0866, 2.3613, 0.7068, 1.8232]",False
9,fixed,0.02,0.0001,0.25,1.087569182347081,"[-1.0866, 2.3613, 0.7068, 2.3687]",False
9,fixed,0.02,0.0001,0.5,0.0,"[0.0, 0.0, 0.0, 0.0]",False
9,fixed,0.02,0.01,0.0,0.9511967532423469,"[-1.0866, 2.3613, 0.7068, 1.8232]",False
9,fixed,0.02,0.01,0.25,1.087569182347081,"[-1.0866, 2.3613, 0.7068, 2.3687]",False
9,fixed,0.02,0.01,0.5,0.0,"[0.0, 0.0, 0.0, 0.0]",False
9,fixed,0.02,1.0,0.0,0.9511967532423469,"[-1.0866, 2.3613, 0.7068, 1.8232]",False
9,fixed,0.02,1.0,0.25,1.0807410020398758,"[-1.0866, 2.3613, 0.7068, 2.3414]",False
9,fixed,0.02,1.0,0.5,0.0,"[0.0, 0.0, 0.0, 0.0]",False
9,fixed,0.03,0.0001,0.0,0.8462734810890993,"[-0.98, 1.3451, 0.8943, 2.1257]",False
9,fixed,0.03,0.0001,0.25,0.832573844670536,"[-0.98, 1.3451, 0.8943, 2.0709]",False
9,fixed,0.03,0.0001,0.5,-0.06834375024377592,"[-0.98, 0.0, 0.7067, 0.0]",False
9,fixed,0.03,0.01,0.0,0.8462734810890993,"[-0.98, 1.3451, 0.8943, 2.1257]",False
9,fixed,0.03,0.01,0.25,0.832573844670536,"[-0.98, 1.3451, 0.8943, 2.0709]",False
9,fixed,0.03,0.01,0.5,-0.06834375024377592,"[-0.98, 0.0, 0.7067, 0.0]",False
9,fixed,0.03,1.0,0.0,0.8462734810890993,"[-0.98, 1.3451, 0.8943, 2.1257]",False
9,fixed,0.03,1.0,0.25,0.8376790324724854,"[-0.98, 1.3451, 0.8943, 2.0913]",False
9,fixed,0.03,1.0,0.5,-0.12344241771980319,"[-0.98, 0.0, 0.4863, 0.0]",False
9,fixed,0.04,0.0001,0.0,0.7886503819543242,"[-0.8968, 1.4695, 0.6632, 1.9187]",False
9,fixed,0.04,0.0001,0.25,0.8116830027600281,"[-0.8968, 1.4695, 0.6632, 2.0108]",False
9,fixed,0.04,0.0001,0.5,0.6657167540931108,"[-0.8968, 1.4695, 0.6632, 1.427]",False
9,fixed,0.04,0.01,0.0,0.7886503819543242,"[-0.8968, 1.4695, 0.6632, 1.9187]",False
9,fixed,0.04,0.01,0.25,0.8116830027600281,"[-0.8968, 1.4695, 0.6632, 2.0108]",False
9,fixed,0.04,0.01,0.5,0.6657167540931108,"[-0.8968, 1.4695, 0.6632, 1.427]",False
9,fixed,0.04,1.0,0.0,0.7886503819543242,"[-0.8968, 1.4695, 0.6632, 1.9187]",False
9,fixed,0.04,1.0,0.25,0.8331310429435945,"[-0.8968, 1.4695, 0.6632, 2.0966]",False
9,fixed,0.04,1.0,0.5,0.6657167540931108,"[-0.8968, 1.4695, 0.6632, 1.427]",False
9,fixed,0.05,0.0001,0.0,0.8468450626552149,"[-0.9981, 1.7231, 0.6988, 1.9636]",False
9,fixed,0.05,0.0001,0.25,0.8488296732131249,"[-0.9981, 1.7231, 0.6988, 1.9715]",False
9,fixed,0.05,0.0001,0.5,0.7596382463762782,"[-0.9981, 1.7231, 0.7931, 1.5205]",False
9,fixed,0.05,0.01,0.0,0.8468450626552149,"[-0.9981, 1.7231, 0.6988, 1.9636]",False
9,fixed,0.05,0.01,0.25,0.8488296732131249,"[-0.9981, 1.7231, 0.6988, 1.9715]",False
9,fixed,0.05,0.01,0.5,0.7596382463762782,"[-0.9981, 1.7231, 0.7931, 1.5205]",False
9,fixed,0.05,1.0,0.0,0.8682964510876687,"[-0.9981, 1.7231, 0.6988, 2.0494]",False
9,fixed,0.05,1.0,0.25,0.841524702231409,"[-0.9981, 1.7231, 0.6988, 1.9423]",False
9,fixed,0.05,1.0,0.5,0.7146501695064016,"[-0.9981, 1.7231, 0.6988, 1.4348]",False
9,vol,0.25,0.0001,0.0,0.9021321695783693,"[-0.9685, 2.2842, 0.6757, 1.6171]",False
9,vol,0.25,0.0001,0.25,0.3453057562922617,"[0.0, 0.0, 0.0, 1.3812]",False
9,vol,0.25,0.0001,0.5,0.0,"[0.0, 0.0, 0.0, 0.0]",False
9,vol,0.25,0.01,0.0,0.9021321695783693,"[-0.9685, 2.2842, 0.6757, 1.6171]",False
9,vol,0.25,0.01,0.25,0.3453057562922617,"[0.0, 0.0, 0.0, 1.3812]",False
9,vol,0.25,0.01,0.5,0.0,"[0.0, 0.0, 0.0, 0.0]",False
9,vol,0.25,1.0,0.0,0.9021321695783693,"[-0.9685, 2.2842, 0.6757, 1.6171]",False
9,vol,0.25,1.0,0.25,0.3453057562922617,"[0.0, 0.0, 0.0, 1.3812]",False
9,vol,0.25,1.0,0.5,0.0,"[0.0, 0.0, 0.0, 0.0]",False
9,vol,0.5,0.0001,0.0,1.0289499088419962,"[-1.0851, 2.3502, 0.9228, 1.928]",False
9,vol,0.5,0.0001,0.25,1.1842957045370064,"[-1.0851, 2.3502, 0.9823, 2.4898]",True
9,vol,0.5,0.0001,0.5,0.5091503436809333,"[0.0, 0.0, 1.1391, 0.8975]",False
9,vol,0.5,0.01,0.0,1.0289499088419962,"[-1.0851, 2.3502, 0.9228, 1.928]",False
9,vol,0.5,0.01,0.25,1.1842957045370064,"[-1.0851, 2.3502, 0.9823, 2.4898]",False
9,vol,0.5,0.01,0.5,0.5091503436809333,"[0.0, 0.0, 1.1391, 0.8975]",False
9,vol,0.5,1.0,0.0,1.0289499088419962,"[-1.0851, 2.3502, 0.9228, 1.928]",False
9,vol,0.5,1.0,0.25,1.1842957045370064,"[-1.0851, 2.3502, 0.9823, 2.4898]",False
9,vol,0.5,1.0,0.5,0.5091503436809333,"[0.0, 0.0, 1.1391, 0.8975]",False
9,vol,1.0,0.0001,0.0,0.833230513418784,"[-0.9258, 1.4967, 0.7222, 2.0398]",False
9,vol,1.0,0.0001,0.25,0.8219115165325529,"[-0.9258, 1.4967, 0.7222, 1.9945]",False
9,vol,1.0,0.0001,0.5,0.7592558329403226,"[-0.9258, 1.4967, 0.7222, 1.7439]",False
9,vol,1.0,0.01,0.0,0.833230513418784,"[-0.9258, 1.4967, 0.7222, 2.0398]",False
9,vol,1.0,0.01,0.25,0.8219115165325529,"[-0.9258, 1.4967, 0.7222, 1.9945]",False
9,vol,1.0,0.01,0.5,0.7592558329403226,"[-0.9258, 1.4967, 0.7222, 1.7439]",False
9,vol,1.0,1.0,0.0,0.833230513418784,"[-0.9258, 1.4967, 0.7222, 2.0398]",False
9,vol,1.0,1.0,0.25,0.8219115165325529,"[-0.9258, 1.4967, 0.7222, 1.9945]",False
9,vol,1.0,1.0,0.5,0.7788725739838256,"[-0.9258, 1.4967, 0.7222, 1.8224]",False
10,fixed,0.02,0.0001,0.0,0.6185541522859003,"[-1.0866, 2.3613, -0.5312, 1.7306]",False
10,fixed,0.02,0.0001,0.25,0.7709446102703438,"[-1.0866, 2.3009, -0.5312, 2.4006]",False
10,fixed,0.02,0.0001,0.5,0.0,"[0.0, 0.0, 0.0, 0.0]",False
10,fixed,0.02,0.01,0.0,0.6185541522859003,"[-1.0866, 2.3613, -0.5312, 1.7306]",False
10,fixed,0.02,0.01,0.25,0.7709446102703438,"[-1.0866, 2.3009, -0.5312, 2.4006]",False
10,fixed,0.02,0.01,0.5,0.0,"[0.0, 0.0, 0.0, 0.0]",False
10,fixed,0.02,1.0,0.0,0.6185541522859003,"[-1.0866, 2.3613, -0.5312, 1.7306]",False
10,fixed,0.02,1.0,0.25,0.8441292308353125,"[-1.0866, 2.3009, -0.5312, 2.6933]",True
10,fixed,0.02,1.0,0.5,0.0,"[0.0, 0.0, 0.0, 0.0]",False
10,fixed,0.03,0.0001,0.0,0.4454247418933702,"[-0.98, 1.3451, -0.5299, 1.9466]",False
10,fixed,0.03,0.0001,0.25,0.19484604473709285,"[-0.98, 1.3451, -0.5299, 0.9443]",False
10,fixed,0.03,0.0001,0.5,-0.4896408287503411,"[-1.3104, 0.0, -0.6482, 0.0]",False
10,fixed,0.03,0.01,0.0,0.4454247418933702,"[-0.98, 1.3451, -0.5299, 1.9466]",False
10,fixed,0.03,0.01,0.25,0.19484604473709285,"[-0.98, 1.3451, -0.5299, 0.9443]",False
10,fixed,0.03,0.01,0.5,-0.4896408287503411,"[-1.3104, 0.0, -0.6482, 0.0]",False
10,fixed,0.03,1.0,0.0,0.4626246558753142,"[-0.98, 1.3451, -0.5299, 2.0154]",False
10,fixed,0.03,1.0,0.25,0.19484604473709285,"[-0.98, 1.3451, -0.5299, 0.9443]",False
10,fixed,0.03,1.0,0.5,-0.5036923055711109,"[-1.3666, 0.0, -0.6482, 0.0]",False
10,fixed,0.04,0.0001,0.0,0.3811052630489167,"[-0.8968, 1.4695, -0.6598, 1.6115]",False
10,fixed,0.04,0.0001,0.25,0.22281702420861724,"[-0.8968, 1.4695, -0.6598, 0.9783]",False
10,fixed,0.04,0.0001,0.5,-0.09922930272750854,"[-0.8968, 1.1597, -0.6598, 0.0]",False
10,fixed,0.04,0.01,0.0,0.3811052630489167,"[-0.8968, 1.4695, -0.6598, 1.6115]",False
10,fixed,0.04,0.01,0.25,0.22281702420861724,"[-0.8968, 1.4695, -0.6598, 0.9783]",False
10,fixed,0.04,0.01,0.5,-0.09922930272750854,"[-0.8968, 1.1597, -0.6598, 0.0]",False
10,fixed,0.04,1.0,0.0,0.4622882656730628,"[-0.8968, 1.4695, -0.6598, 1.9362]",False
10,fixed,0.04,1.0,0.25,0.22281702420861724,"[-0.8968, 1.4695, -0.6598, 0.9783]",False
10,fixed,0.04,1.0,0.5,-0.09922930272750854,"[-0.8968, 1.1597, -0.6598, 0.0]",False
10,fixed,0.05,0.0001,0.0,0.7291632052429677,"[-0.9981, 1.7231, -0.4742, 2.6658]",False
10,fixed,0.05,0.0001,0.25,0.46809467309662867,"[-0.9981, 1.7231, -0.4742, 1.6216]",False
10,fixed,0.05,0.0001,0.5,-0.10375131601919294,"[-0.9981, 1.0572, -0.4742, 0.0]",False
10,fixed,0.05,0.01,0.0,0.7291632052429677,"[-0.9981, 1.7231, -0.4742, 2.6658]",False
10,fixed,0.05,0.01,0.25,0.46809467309662867,"[-0.9981, 1.7231, -0.4742, 1.6216]",False
10,fixed,0.05,0.01,0.5,-0.10375131601919294,"[-0.9981, 1.0572, -0.4742, 0.0]",False
10,fixed,0.05,1.0,0.0,0.4474191930999768,"[-0.9981, 1.7231, -0.4742, 1.5389]",False
10,fixed,0.05,1.0,0.25,0.3072899225648986,"[-0.9981, 1.7231, -0.4742, 0.9783]",False
10,fixed,0.05,1.0,0.5,-0.10375131601919294,"[-0.9981, 1.0572, -0.4742, 0.0]",False
10,vol,0.25,0.0001,0.0,0.5619127394567999,"[-0.9685, 2.2842, -0.678, 1.6099]",False
10,vol,0.25,0.0001,0.25,0.0,"[0.0, 0.0, 0.0, 0.0]",False
10,vol,0.25,0.0001,0.5,0.0,"[0.0, 0.0, 0.0, 0.0]",False
10,vol,0.25,0.01,0.0,0.5619127394567999,"[-0.9685, 2.2842, -0.678, 1.6099]",False
10,vol,0.25,0.01,0.25,0.0,"[0.0, 0.0, 0.0, 0.0]",False
10,vol,0.25,0.01,0.5,0.0,"[0.0, 0.0, 0.0, 0.0]",False
10,vol,0.25,1.0,0.0,0.5619127394567999,"[-0.9685, 2.2842, -0.678, 1.6099]",False
10,vol,0.25,1.0,0.25,0.0,"[0.0, 0.0, 0.0, 0.0]",False
10,vol,0.25,1.0,0.5,0.0,"[0.0, 0.0, 0.0, 0.0]",False
10,vol,0.5,0.0001,0.0,0.6489572327555091,"[-1.0851, 2.3502, -0.5889, 1.9197]",False
10,vol,0.5,0.0001,0.25,0.5252923447284619,"[-1.0851, 2.3502, -0.5889, 1.425]",False
10,vol,0.5,0.0001,0.5,0.0,"[0.0, 0.0, 0.0, 0.0]",False
10,vol,0.5,0.01,0.0,0.6489572327555091,"[-1.0851, 2.3502, -0.5889, 1.9197]",False
10,vol,0.5,0.01,0.25,0.5252923447284619,"[-1.0851, 2.3502, -0.5889, 1.425]",False
10,vol,0.5,0.01,0.5,0.0,"[0.0, 0.0, 0.0, 0.0]",False
10,vol,0.5,1.0,0.0,0.6489572327555091,"[-1.0851, 2.3502, -0.5889, 1.9197]",False
10,vol,0.5,1.0,0.25,0.5383922534280888,"[-1.0851, 2.3502, -0.5889, 1.4774]",False
10,vol,0.5,1.0,0.5,0.0,"[0.0, 0.0, 0.0, 0.0]",False
10,vol,1.0,0.0001,0.0,0.5698428258940568,"[-0.9258, 1.4967, -0.476, 2.1844]",False
10,vol,1.0,0.0001,0.25,0.39960721454191306,"[-0.9258, 1.4967, -0.476, 1.5035]",False
10,vol,1.0,0.0001,0.5,0.017820218427130816,"[-0.9258, 1.473, -0.476, 0.0]",False
10,vol,1.0,0.01,0.0,0.5698428258940568,"[-0.9258, 1.4967, -0.476, 2.1844]",False
10,vol,1.0,0.01,0.25,0.39960721454191306,"[-0.9258, 1.4967, -0.476, 1.5035]",False
10,vol,1.0,0.01,0.5,0.017820218427130816,"[-0.9258, 1.473, -0.476, 0.0]",False
10,vol,1.0,1.0,0.0,0.3755561357028429,"[-0.9258, 1.4967, -0.476, 1.4073]",False
10,vol,1.0,1.0,0.25,0.023738593662461602,"[-0.9258, 1.4967, -0.476, 0.0]",False
10,vol,1.0,1.0,0.5,0.0206817008210977,"[-0.9258, 1.4845, -0.476, 0.0]",False
11,fixed,0.02,0.0001,0.0,0.36850513139516305,"[-1.0866, 2.3613, -0.7532, 0.9525]",False
11,fixed,0.02,0.0001,0.25,-0.2762385041898687,"[-1.1195, 0.0, -0.6513, 0.6658]",False
11,fixed,0.02,0.0001,0.5,0.0,"[0.0, 0.0, 0.0, 0.0]",False
11,fixed,0.02,0.01,0.0,0.36850513139516305,"[-1.0866, 2.3613, -0.7532, 0.9525]",False
11,fixed,0.02,0.01,0.25,-0.2762385041898687,"[-1.1195, 0.0, -0.6513, 0.6658]",False
11,fixed,0.02,0.01,0.5,0.0,"[0.0, 0.0, 0.0, 0.0]",False
11,fixed,0.02,1.0,0.0,0.36850513139516305,"[-1.0866, 2.3613, -0.7532, 0.9525]",False
11,fixed,0.02,1.0,0.25,-0.2762385041898687,"[-1.1195, 0.0, -0.6513, 0.6658]",False
11,fixed,0.02,1.0,0.5,0.0,"[0.0, 0.0, 0.0, 0.0]",False
11,fixed,0.03,0.0001,0.0,0.0932772902278125,"[-0.98, 1.3451, -0.7465, 0.7545]",False
11,fixed,0.03,0.0001,0.25,0.12838991367499963,"[-0.98, 1.4307, -0.7465, 0.8094]",False
11,fixed,0.03,0.0001,0.5,0.6450933817711952,"[1.294, 0.0, 0.0, 1.2864]",False
11,fixed,0.03,0.01,0.0,0.0932772902278125,"[-0.98, 1.3451, -0.7465, 0.7545]",False
11,fixed,0.03,0.01,0.25,0.12838991367499963,"[-0.98, 1.4307, -0.7465, 0.8094]",False
11,fixed,0.03,0.01,0.5,0.3215978165166044,"[0.0, 0.0, 0.0, 1.2864]",False
11,fixed,0.03,1.0,0.0,0.0932772902278125,"[-0.98, 1.3451, -0.7465, 0.7545]",False
11,fixed,0.03,1.0,0.25,0.12547177858539046,"[-0.98, 1.4307, -0.7465, 0.7977]",False
11,fixed,0.03,1.0,0.5,0.3215978165166044,"[0.0, 0.0, 0.0, 1.2864]",False
11,fixed,0.04,0.0001,0.0,0.1769922557554296,"[-0.8968, 1.52, -0.8686, 0.9533]",False
11,fixed,0.04,0.0001,0.25,0.10628190765223886,"[-0.986, 1.3809, -0.8686, 0.8987]",False
11,fixed,0.04,0.0001,0.5,0.5248050556009557,"[-0.9547, 1.8918, 0.2363, 0.9259]",False
11,fixed,0.04,0.01,0.0,0.1769922557554296,"[-0.8968, 1.52, -0.8686, 0.9533]",False
11,fixed,0.04,0.01,0.25,0.10628190765223886,"[-0.986, 1.3809, -0.8686, 0.8987]",False
11,fixed,0.04,0.01,0.5,0.5248050556009557,"[-0.9547, 1.8918, 0.2363, 0.9259]",False
11,fixed,0.04,1.0,0.0,0.19745790663978982,"[-0.8968, 1.52, -0.8686, 1.0352]",False
11,fixed,0.04,1.0,0.25,0.12418258665526435,"[-0.8912, 1.3809, -0.8686, 0.8756]",False
11,fixed,0.04,1.0,0.5,0.5251752235605222,"[-1.0255, 2.1056, 0.237, 0.7836]",False
11,fixed,0.05,0.0001,0.0,0.19367098846636854,"[-0.9981, 1.6764, -0.6935, 0.7898]",False
11,fixed,0.05,0.0001,0.25,0.14986640462331804,"[-0.7959, 1.1314, -0.7756, 1.0396]",False
11,fixed,0.05,0.0001,0.5,0.7983671204156231,"[0.3308, 1.8145, 0.0281, 1.0201]",True
11,fixed,0.05,0.01,0.0,0.19367098846636854,"[-0.9981, 1.6764, -0.6935, 0.7898]",False
11,fixed,0.05,0.01,0.25,0.14986640462331804,"[-0.7959, 1.1314, -0.7756, 1.0396]",False
11,fixed,0.05,0.01,0.5,0.7983671204156231,"[0.3308, 1.8145, 0.0281, 1.0201]",False
11,fixed,0.05,1.0,0.0,0.19687332047407774,"[-0.9981, 1.6764, -0.6935, 0.8026]",False
11,fixed,0.05,1.0,0.25,0.08648643001498157,"[-0.7959, 1.1314, -0.8458, 0.8563]",False
11,fixed,0.05,1.0,0.5,0.3106926940891265,"[0.3912, 0.0, 0.0079, 0.8437]",False
11,vol,0.25,0.0001,0.0,0.28902927383719457,"[-0.9685, 2.2842, -0.8862, 0.7266]",False
11,vol,0.25,0.0001,0.25,0.0,"[0.0, 0.0, 0.0, 0.0]",False
11,vol,0.25,0.0001,0.5,0.0,"[0.0, 0.0, 0.0, 0.0]",False
11,vol,0.25,0.01,0.0,0.28902927383719457,"[-0.9685, 2.2842, -0.8862, 0.7266]",False
11,vol,0.25,0.01,0.25,0.0,"[0.0, 0.0, 0.0, 0.0]",False
11,vol,0.25,0.01,0.5,0.0,"[0.0, 0.0, 0.0, 0.0]",False
11,vol,0.25,1.0,0.0,0.28902927383719457,"[-0.9685, 2.2842, -0.8862, 0.7266]",False
11,vol,0.25,1.0,0.25,0.0,"[0.0, 0.0, 0.0, 0.0]",False
11,vol,0.25,1.0,0.5,0.0,"[0.0, 0.0, 0.0, 0.0]",False
11,vol,0.5,0.0001,0.0,0.3531848659331073,"[-1.0851, 2.3502, -0.8051, 0.9528]",False
11,vol,0.5,0.0001,0.25,0.1942224863207752,"[-1.0851, 1.9698, -0.8051, 0.6972]",False
11,vol,0.5,0.0001,0.5,0.0,"[0.0, 0.0, 0.0, 0.0]",False
11,vol,0.5,0.01,0.0,0.3531848659331073,"[-1.0851, 2.3502, -0.8051, 0.9528]",False
11,vol,0.5,0.01,0.25,0.1942224863207752,"[-1.0851, 1.9698, -0.8051, 0.6972]",False
11,vol,0.5,0.01,0.5,0.0,"[0.0, 0.0, 0.0, 0.0]",False
11,vol,0.5,1.0,0.0,0.3531848659331073,"[-1.0851, 2.3502, -0.8051, 0.9528]",False
11,vol,0.5,1.0,0.25,0.1942224863207752,"[-1.0851, 1.9698, -0.8051, 0.6972]",False
11,vol,0.5,1.0,0.5,0.0,"[0.0, 0.0, 0.0, 0.0]",False
11,vol,1.0,0.0001,0.0,0.24563707788536437,"[-0.9258, 1.638, -0.6965, 0.9669]",False
11,vol,1.0,0.0001,0.25,0.22725863704702481,"[-0.8863, 1.3031, -0.3287, 0.821]",False
11,vol,1.0,0.0001,0.5,0.32767107815634544,"[-0.8621, 0.8912, 0.3107, 0.9709]",False
11,vol,1.0,0.01,0.0,0.24563707788536437,"[-0.9258, 1.638, -0.6965, 0.9669]",False
11,vol,1.0,0.01,0.25,0.22725863704702481,"[-0.8863, 1.3031, -0.3287, 0.821]",False
11,vol,1.0,0.01,0.5,0.32767107815634544,"[-0.8621, 0.8912, 0.3107, 0.9709]",False
11,vol,1.0,1.0,0.0,0.24634512486201465,"[-0.9258, 1.6382, -0.6965, 0.9694]",False
11,vol,1.0,1.0,0.25,0.22254018549317275,"[-0.9012, 1.302, -0.3317, 0.821]",False
11,vol,1.0,1.0,0.5,0.3186284320323051,"[-0.8621, 0.8912, 0.2944, 0.951]",False
12,fixed,0.02,0.0001,0.0,1.158403218190947,"[-1.0866, 2.1552, 1.8344, 1.7306]",False
12,fixed,0.02,0.0001,0.25,0.99635085874364,"[-1.0866, 2.1552, 1.8344, 1.0824]",False
12,fixed,0.02,0.0001,0.5,0.0,"[0.0, 0.0, 0.0, 0.0]",False
12,fixed,0.02,0.01,0.0,1.158403218190947,"[-1.0866, 2.1552, 1.8344, 1.7306]",False
12,fixed,0.02,0.01,0.25,0.99635085874364,"[-1.0866, 2.1552, 1.8344, 1.0824]",False
12,fixed,0.02,0.01,0.5,0.0,"[0.0, 0.0, 0.0, 0.0]",False
12,fixed,0.02,1.0,0.0,1.158403218190947,"[-1.0866, 2.1552, 1.8344, 1.7306]",False
12,fixed,0.02,1.0,0.25,0.99635085874364,"[-1.0866, 2.1552, 1.8344, 1.0824]",False
12,fixed,0.02,1.0,0.5,0.0,"[0.0, 0.0, 0.0, 0.0]",False
12,fixed,0.03,0.0001,0.0,1.1194498224483924,"[-0.98, 0.988, 2.3547, 2.1152]",False
12,fixed,0.03,0.0001,0.25,1.0265584317201009,"[-0.98, 0.988, 2.3547, 1.7436]",False
12,fixed,0.03,0.0001,0.5,0.807652703365355,"[-0.98, 1.0518, 2.182, 0.9769]",False
12,fixed,0.03,0.01,0.0,1.1194498224483924,"[-0.98, 0.988, 2.3547, 2.1152]",False
12,fixed,0.03,0.01,0.25,1.0265584317201009,"[-0.98, 0.988, 2.3547, 1.7436]",False
12,fixed,0.03,0.01,0.5,0.807652703365355,"[-0.98, 1.0518, 2.182, 0.9769]",False
12,fixed,0.03,1.0,0.0,1.1194498224483924,"[-0.98, 0.988, 2.3547, 2.1152]",False
12,fixed,0.03,1.0,0.25,1.0265584317201009,"[-0.98, 0.988, 2.3547, 1.7436]",False
12,fixed,0.03,1.0,0.5,0.8509042680530782,"[-0.98, 1.0521, 2.3547, 0.9769]",False
12,fixed,0.04,0.0001,0.0,0.992380729963463,"[-0.8968, 1.0148, 1.7734, 2.0782]",False
12,fixed,0.04,0.0001,0.25,0.9049222642393349,"[-0.8968, 1.0148, 1.7734, 1.7284]",False
12,fixed,0.04,0.0001,0.5,0.8783668941384124,"[-0.8968, 1.0148, 1.7734, 1.6221]",False
12,fixed,0.04,0.01,0.0,0.992380729963463,"[-0.8968, 1.0148, 1.7734, 2.0782]",False
12,fixed,0.04,0.01,0.25,0.9049222642393349,"[-0.8968, 1.0148, 1.7734, 1.7284]",False
12,fixed,0.04,0.01,0.5,0.8783668941384124,"[-0.8968, 1.0148, 1.7734, 1.6221]",False
12,fixed,0.04,1.0,0.0,0.971078401936704,"[-0.8968, 1.0148, 1.7734, 1.993]",False
12,fixed,0.04,1.0,0.25,0.9007419243620685,"[-0.8968, 1.0148, 1.7734, 1.7116]",False
12,fixed,0.04,1.0,0.5,0.8783668941384124,"[-0.8968, 1.0148, 1.7734, 1.6221]",False
12,fixed,0.05,0.0001,0.0,0.9605165763076459,"[-0.9981, 1.3674, 1.6605, 1.8123]",False
12,fixed,0.05,0.0001,0.25,0.9321239433197757,"[-0.9981, 1.3674, 1.6605, 1.6987]",False
12,fixed,0.05,0.0001,0.5,1.1489335012665767,"[-0.9981, 1.4851, 1.6605, 2.4482]",False
12,fixed,0.05,0.01,0.0,0.9605165763076459,"[-0.9981, 1.3674, 1.6605, 1.8123]",False
12,fixed,0.05,0.01,0.25,0.9321239433197757,"[-0.9981, 1.3674, 1.6605, 1.6987]",False
12,fixed,0.05,0.01,0.5,1.1489335012665767,"[-0.9981, 1.4851, 1.6605, 2.4482]",False
12,fixed,0.05,1.0,0.0,0.9795976702626176,"[-0.9981, 1.3674, 1.6605, 1.8886]",False
12,fixed,0.05,1.0,0.25,0.8424923287044226,"[-0.9981, 1.3674, 1.6605, 1.3402]",False
12,fixed,0.05,1.0,0.5,1.1230789074977443,"[-0.9981, 1.3817, 1.6605, 2.4482]",False
12,vol,0.25,0.0001,0.0,1.2610803472775212,"[-0.9685, 2.1574, 2.2455, 1.6099]",True
12,vol,0.25,0.0001,0.25,1.0341535409468792,"[0.8015, 0.0, 1.6443, 1.6909]",False
12,vol,0.25,0.0001,0.5,0.0,"[0.0, 0.0, 0.0, 0.0]",False
12,vol,0.25,0.01,0.0,1.2610803472775212,"[-0.9685, 2.1574, 2.2455, 1.6099]",False
12,vol,0.25,0.01,0.25,1.0341535409468792,"[0.8015, 0.0, 1.6443, 1.6909]",False
12,vol,0.25,0.01,0.5,0.0,"[0.0, 0.0, 0.0, 0.0]",False
12,vol,0.25,1.0,0.0,1.2610803472775212,"[-0.9685, 2.1574, 2.2455, 1.6099]",False
12,vol,0.25,1.0,0.25,1.0341535409468792,"[0.8015, 0.0, 1.6443, 1.6909]",False
12,vol,0.25,1.0,0.5,0.0,"[0.0, 0.0, 0.0, 0.0]",False
12,vol,0.5,0.0001,0.0,1.2343534030070935,"[-1.0851, 2.0945, 2.0084, 1.9197]",False
12,vol,0.5,0.0001,0.25,1.2343534030070935,"[-1.0851, 2.0945, 2.0084, 1.9197]",False
12,vol,0.5,0.0001,0.5,0.4603467291576986,"[1.8414, 0.0, 0.0, 0.0]",False
12,vol,0.5,0.01,0.0,1.2343534030070935,"[-1.0851, 2.0945, 2.0084, 1.9197]",False
12,vol,0.5,0.01,0.25,1.2343534030070935,"[-1.0851, 2.0945, 2.0084, 1.9197]",False
12,vol,0.5,0.01,0.5,0.4603467291576986,"[1.8414, 0.0, 0.0, 0.0]",False
12,vol,0.5,1.0,0.0,1.2343534030070935,"[-1.0851, 2.0945, 2.0084, 1.9197]",False
12,vol,0.5,1.0,0.25,1.2343534030070935,"[-1.0851, 2.0945, 2.0084, 1.9197]",False
12,vol,0.5,1.0,0.5,0.4603467291576986,"[1.8414, 0.0, 0.0, 0.0]",False
12,vol,1.0,0.0001,0.0,1.0493183488744866,"[-0.9258, 1.041, 1.9198, 2.1622]",False
12,vol,1.0,0.0001,0.25,1.0493183488744866,"[-0.9258, 1.041, 1.9198, 2.1622]",False
12,vol,1.0,0.0001,0.5,1.0592775458992407,"[-0.9258, 1.041, 1.9198, 2.2021]",False
12,vol,1.0,0.01,0.0,1.0493183488744866,"[-0.9258, 1.041, 1.9198, 2.1622]",False
12,vol,1.0,0.01,0.25,1.0493183488744866,"[-0.9258, 1.041, 1.9198, 2.1622]",False
12,vol,1.0,0.01,0.5,1.0592775458992407,"[-0.9258, 1.041, 1.9198, 2.2021]",False
12,vol,1.0,1.0,0.0,1.0493183488744866,"[-0.9258, 1.041, 1.9198, 2.1622]",False
12,vol,1.0,1.0,0.25,1.0493183488744866,"[-0.9258, 1.041, 1.9198, 2.1622]",False
12,vol,1.0,1.0,0.5,1.0592775458992407,"[-0.9258, 1.041, 1.9198, 2.2021]",False
13,fixed,0.02,0.0001,0.0,0.89955223700701,"[-1.0866, 2.1552, 1.8344, 0.6952]",False
13,fixed,0.02,0.0001,0.25,0.8959485031886835,"[-1.0866, 2.1552, 1.82, 0.6952]",False
13,fixed,0.02,0.0001,0.5,0.0,"[0.0, 0.0, 0.0, 0.0]",False
13,fixed,0.02,0.01,0.0,0.89955223700701,"[-1.0866, 2.1552, 1.8344, 0.6952]",False
13,fixed,0.02,0.01,0.25,0.8959485031886835,"[-1.0866, 2.1552, 1.82, 0.6952]",False
13,fixed,0.02,0.01,0.5,0.0,"[0.0, 0.0, 0.0, 0.0]",False
13,fixed,0.02,1.0,0.0,0.89955223700701,"[-1.0866, 2.1552, 1.8344, 0.6952]",False
13,fixed,0.02,1.0,0.25,0.8959485031886835,"[-1.0866, 2.1552, 1.82, 0.6952]",False
13,fixed,0.02,1.0,0.5,0.0,"[0.0, 0.0, 0.0, 0.0]",False
13,fixed,0.03,0.0001,0.0,0.8065708881474238,"[-0.98, 0.988, 2.3547, 0.8637]",False
13,fixed,0.03,0.0001,0.25,0.8065708881474238,"[-0.98, 0.988, 2.3547, 0.8637]",False
13,fixed,0.03,0.0001,0.5,0.2444804629720007,"[-0.98, 0.0, 1.3116, 0.6464]",False
13,fixed,0.03,0.01,0.0,0.8065708881474238,"[-0.98, 0.988, 2.3547, 0.8637]",False
13,fixed,0.03,0.01,0.25,0.8065708881474238,"[-0.98, 0.988, 2.3547, 0.8637]",False
13,fixed,0.03,0.01,0.5,0.2444804629720007,"[-0.98, 0.0, 1.3116, 0.6464]",False
13,fixed,0.03,1.0,0.0,0.8065708881474238,"[-0.98, 0.988, 2.3547, 0.8637]",False
13,fixed,0.03,1.0,0.25,0.8065708881474238,"[-0.98, 0.988, 2.3547, 0.8637]",False
13,fixed,0.03,1.0,0.5,0.20861803073997923,"[-0.98, 0.0, 1.2209, 0.5936]",False
13,fixed,0.04,0.0001,0.0,0.628506704209364,"[-0.8968, 1.0148, 1.7734, 0.6227]",False
13,fixed,0.04,0.0001,0.25,0.515358549661851,"[-0.8968, 1.0148, 1.3208, 0.6227]",False
13,fixed,0.04,0.0001,0.5,0.3502223847357793,"[-0.8968, 1.0746, 0.5913, 0.6318]",False
13,fixed,0.04,0.01,0.0,0.628506704209364,"[-0.8968, 1.0148, 1.7734, 0.6227]",False
13,fixed,0.04,0.01,0.25,0.515358549661851,"[-0.8968, 1.0148, 1.3208, 0.6227]",False
13,fixed,0.04,0.01,0.5,0.3502223847357793,"[-0.8968, 1.0746, 0.5913, 0.6318]",False
13,fixed,0.04,1.0,0.0,0.628506704209364,"[-0.8968, 1.0148, 1.7734, 0.6227]",False
13,fixed,0.04,1.0,0.25,0.5316492900090145,"[-0.8968, 1.0148, 1.3859, 0.6227]",False
13,fixed,0.04,1.0,0.5,0.30511291344669084,"[-0.8968, 1.0746, 0.4108, 0.6318]",False
13,fixed,0.05,0.0001,0.0,0.6342176950495095,"[-0.9981, 1.3897, 1.5241, 0.6212]",False
13,fixed,0.05,0.0001,0.25,0.45920416678384685,"[-0.9981, 1.0864, 1.1273, 0.6212]",False
13,fixed,0.05,0.0001,0.5,0.2528474458303046,"[-0.9981, 1.3781, 0.0, 0.6314]",False
13,fixed,0.05,0.01,0.0,0.6342176950495095,"[-0.9981, 1.3897, 1.5241, 0.6212]",False
13,fixed,0.05,0.01,0.25,0.45920416678384685,"[-0.9981, 1.0864, 1.1273, 0.6212]",False
13,fixed,0.05,0.01,0.5,0.2528474458303046,"[-0.9981, 1.3781, 0.0, 0.6314]",False
13,fixed,0.05,1.0,0.0,0.6322180927961119,"[-0.9981, 1.3817, 1.5241, 0.6212]",False
13,fixed,0.05,1.0,0.25,0.37895705696160153,"[-0.9981, 1.0955, 0.7973, 0.6212]",False
13,fixed,0.05,1.0,0.5,0.2528474458303046,"[-0.9981, 1.3781, 0.0, 0.6314]",False
13,vol,0.25,0.0001,0.0,1.0244985300091887,"[-0.9685, 2.1574, 2.2455, 0.6636]",True
13,vol,0.25,0.0001,0.25,0.0,"[0.0, 0.0, 0.0, 0.0]",False
13,vol,0.25,0.0001,0.5,0.0,"[0.0, 0.0, 0.0, 0.0]",False
13,vol,0.25,0.01,0.0,1.0244985300091887,"[-0.9685, 2.1574, 2.2455, 0.6636]",False
13,vol,0.25,0.01,0.25,0.0,"[0.0, 0.0, 0.0, 0.0]",False
13,vol,0.25,0.01,0.5,0.0,"[0.0, 0.0, 0.0, 0.0]",False
13,vol,0.25,1.0,0.0,1.0244985300091887,"[-0.9685, 2.1574, 2.2455, 0.6636]",False
13,vol,0.25,1.0,0.25,0.0,"[0.0, 0.0, 0.0, 0.0]",False
13,vol,0.25,1.0,0.5,0.0,"[0.0, 0.0, 0.0, 0.0]",False
13,vol,0.5,0.0001,0.0,0.9825812643130722,"[-1.0851, 2.0945, 2.0084, 0.9126]",False
13,vol,0.5,0.0001,0.25,0.9586023406873023,"[-1.0851, 2.0945, 1.9125, 0.9126]",False
13,vol,0.5,0.0001,0.5,0.0,"[0.0, 0.0, 0.0, 0.0]",False
13,vol,0.5,0.01,0.0,0.9825812643130722,"[-1.0851, 2.0945, 2.0084, 0.9126]",False
13,vol,0.5,0.01,0.25,0.9586023406873023,"[-1.0851, 2.0945, 1.9125, 0.9126]",False
13,vol,0.5,0.01,0.5,0.0,"[0.0, 0.0, 0.0, 0.0]",False
13,vol,0.5,1.0,0.0,0.9825812643130722,"[-1.0851, 2.0945, 2.0084, 0.9126]",False
13,vol,0.5,1.0,0.25,0.9586023406873023,"[-1.0851, 2.0945, 1.9125, 0.9126]",False
13,vol,0.5,1.0,0.5,0.0,"[0.0, 0.0, 0.0, 0.0]",False
13,vol,1.0,0.0001,0.0,0.5826255293079975,"[-0.9258, 1.041, 1.5803, 0.635]",False
13,vol,1.0,0.0001,0.25,0.5322445215113013,"[-0.9258, 1.041, 1.3788, 0.635]",False
13,vol,1.0,0.0001,0.5,0.5406552948896686,"[-0.9258, 0.4863, 1.9671, 0.635]",False
13,vol,1.0,0.01,0.0,0.5826255293079975,"[-0.9258, 1.041, 1.5803, 0.635]",False
13,vol,1.0,0.01,0.25,0.5322445215113013,"[-0.9258, 1.041, 1.3788, 0.635]",False
13,vol,1.0,0.01,0.5,0.5406552948896686,"[-0.9258, 0.4863, 1.9671, 0.635]",False
13,vol,1.0,1.0,0.0,0.6176425590850653,"[-0.9258, 1.041, 1.7203, 0.635]",False
13,vol,1.0,1.0,0.25,0.5093618848500896,"[-0.9258, 1.041, 1.2872, 0.635]",False
13,vol,1.0,1.0,0.5,0.04887375288889044,"[-0.9258, 0.4863, 0.0, 0.635]",False
14,fixed,0.02,0.0001,0.0,0.6908671224779898,"[-1.0866, 2.1552, 1.9462, -0.2514]",False
14,fixed,0.02,0.0001,0.25,0.6147426090056386,"[-1.0866, 1.9734, 1.8235, -0.2514]",False
14,fixed,0.02,0.0001,0.5,0.0,"[0.0, 0.0, 0.0, 0.0]",False
14,fixed,0.02,0.01,0.0,0.6908671224779898,"[-1.0866, 2.1552, 1.9462, -0.2514]",False
14,fixed,0.02,0.01,0.25,0.6147426090056386,"[-1.0866, 1.9734, 1.8235, -0.2514]",False
14,fixed,0.02,0.01,0.5,0.0,"[0.0, 0.0, 0.0, 0.0]",False
14,fixed,0.02,1.0,0.0,0.6908671224779898,"[-1.0866, 2.1552, 1.9462, -0.2514]",False
14,fixed,0.02,1.0,0.25,0.6147590229767569,"[-1.0866, 1.9734, 1.8236, -0.2514]",False
14,fixed,0.02,1.0,0.5,0.0,"[0.0, 0.0, 0.0, 0.0]",False
14,fixed,0.03,0.0001,0.0,0.5595081417900601,"[-0.98, 0.988, 2.4837, -0.2537]",False
14,fixed,0.03,0.0001,0.25,0.3834084654982936,"[-0.98, 0.988, 1.7793, -0.2537]",False
14,fixed,0.03,0.0001,0.5,-0.211653623525892,"[-0.98, 0.4277, 0.0, -0.2943]",False
14,fixed,0.03,0.01,0.0,0.5595081417900601,"[-0.98, 0.988, 2.4837, -0.2537]",False
14,fixed,0.03,0.01,0.25,0.3834084654982936,"[-0.98, 0.988, 1.7793, -0.2537]",False
14,fixed,0.03,0.01,0.5,-0.211653623525892,"[-0.98, 0.4277, 0.0, -0.2943]",False
14,fixed,0.03,1.0,0.0,0.5595081417900601,"[-0.98, 0.988, 2.4837, -0.2537]",False
14,fixed,0.03,1.0,0.25,0.3834084654982936,"[-0.98, 0.988, 1.7793, -0.2537]",False
14,fixed,0.03,1.0,0.5,-0.21336933823733806,"[-0.98, 0.4209, 0.0, -0.2943]",False
14,fixed,0.04,0.0001,0.0,0.2680993510466724,"[-0.8968, 1.0148, 1.2958, -0.3414]",False
14,fixed,0.04,0.0001,0.25,0.1386142620686615,"[-0.8968, 1.1752, 0.6175, -0.3414]",False
14,fixed,0.04,0.0001,0.5,-0.011154692478943046,"[-0.8968, 1.1936, 0.0, -0.3414]",False
14,fixed,0.04,0.01,0.0,0.2680993510466724,"[-0.8968, 1.0148, 1.2958, -0.3414]",False
14,fixed,0.04,0.01,0.25,0.1386142620686615,"[-0.8968, 1.1752, 0.6175, -0.3414]",False
14,fixed,0.04,0.01,0.5,-0.011154692478943046,"[-0.8968, 1.1936, 0.0, -0.3414]",False
14,fixed,0.04,1.0,0.0,0.2996337564654611,"[-0.8968, 1.0148, 1.4219, -0.3414]",False
14,fixed,0.04,1.0,0.25,0.12843617429816478,"[-0.8968, 1.1752, 0.5767, -0.3414]",False
14,fixed,0.04,1.0,0.5,-0.05356812786533052,"[-0.8968, 1.0239, 0.0, -0.3414]",False
14,fixed,0.05,0.0001,0.0,0.3493838804010992,"[-0.9981, 1.6001, 0.944, -0.1485]",False
14,fixed,0.05,0.0001,0.25,0.14268984202452653,"[-0.9981, 1.266, 0.4513, -0.1485]",False
14,fixed,0.05,0.0001,0.5,-0.02001410912344804,"[-0.9981, 1.0665, 0.0, -0.1485]",False
14,fixed,0.05,0.01,0.0,0.3493838804010992,"[-0.9981, 1.6001, 0.944, -0.1485]",False
14,fixed,0.05,0.01,0.25,0.14268984202452653,"[-0.9981, 1.266, 0.4513, -0.1485]",False
14,fixed,0.05,0.01,0.5,-0.02001410912344804,"[-0.9981, 1.0665, 0.0, -0.1485]",False
14,fixed,0.05,1.0,0.0,0.3723088892778108,"[-0.9981, 1.6001, 1.0357, -0.1485]",False
14,fixed,0.05,1.0,0.25,0.07356361403599468,"[-0.9981, 0.9895, 0.4513, -0.1485]",False
14,fixed,0.05,1.0,0.5,-0.07072356689826204,"[-0.9981, 0.8636, 0.0, -0.1485]",False
14,vol,0.25,0.0001,0.0,0.7602321842349599,"[-0.9685, 2.1574, 2.2973, -0.4452]",True
14,vol,0.25,0.0001,0.25,0.0,"[0.0, 0.0, 0.0, 0.0]",False
14,vol,0.25,0.0001,0.5,0.0,"[0.0, 0.0, 0.0, 0.0]",False
14,vol,0.25,0.01,0.0,0.7602321842349599,"[-0.9685, 2.1574, 2.2973, -0.4452]",False
14,vol,0.25,0.01,0.25,0.0,"[0.0, 0.0, 0.0, 0.0]",False
14,vol,0.25,0.01,0.5,0.0,"[0.0, 0.0, 0.0, 0.0]",False
14,vol,0.25,1.0,0.0,0.7602321842349599,"[-0.9685, 2.1574, 2.2973, -0.4452]",False
14,vol,0.25,1.0,0.25,0.0,"[0.0, 0.0, 0.0, 0.0]",False
14,vol,0.25,1.0,0.5,0.0,"[0.0, 0.0, 0.0, 0.0]",False
14,vol,0.5,0.0001,0.0,0.7034225214466214,"[-1.0851, 2.0945, 2.1225, -0.3181]",False
14,vol,0.5,0.0001,0.25,0.44773456713358184,"[-1.0851, 1.366, 1.8282, -0.3181]",False
14,vol,0.5,0.0001,0.5,0.0,"[0.0, 0.0, 0.0, 0.0]",False
14,vol,0.5,0.01,0.0,0.7034225214466214,"[-1.0851, 2.0945, 2.1225, -0.3181]",False
14,vol,0.5,0.01,0.25,0.44773456713358184,"[-1.0851, 1.366, 1.8282, -0.3181]",False
14,vol,0.5,0.01,0.5,0.0,"[0.0, 0.0, 0.0, 0.0]",False
14,vol,0.5,1.0,0.0,0.7034225214466214,"[-1.0851, 2.0945, 2.1225, -0.3181]",False
14,vol,0.5,1.0,0.25,0.6364669255193119,"[-1.0851, 2.1209, 1.8283, -0.3181]",False
14,vol,0.5,1.0,0.5,0.0,"[0.0, 0.0, 0.0, 0.0]",False
14,vol,1.0,0.0001,0.0,0.263298379501798,"[-0.9258, 1.041, 1.0985, -0.1605]",False
14,vol,1.0,0.0001,0.25,0.11767898282436606,"[-0.9258, 1.0829, 0.4742, -0.1605]",False
14,vol,1.0,0.0001,0.5,0.25323662419900284,"[-0.9258, 2.0993, 0.0, -0.1605]",False
14,vol,1.0,0.01,0.0,0.263298379501798,"[-0.9258, 1.041, 1.0985, -0.1605]",False
14,vol,1.0,0.01,0.25,0.11767898282436606,"[-0.9258, 1.0829, 0.4742, -0.1605]",False
14,vol,1.0,0.01,0.5,0.25323662419900284,"[-0.9258, 2.0993, 0.0, -0.1605]",False
14,vol,1.0,1.0,0.0,0.2930822628827724,"[-0.9258, 1.041, 1.2177, -0.1605]",False
14,vol,1.0,1.0,0.25,0.13341622826572638,"[-0.9258, 1.0829, 0.5371, -0.1605]",False
14,vol,1.0,1.0,0.5,0.05032700122019577,"[-0.9258, 1.2876, 0.0, -0.1605]",False
