start,method,worst_below_start_per_amount,max_drawdown_per_amount,longest_below_start_days,longest_underwater_days,final_pnl_per_amount,ann_return_on_amount,sharpe,max_topup_per_amount
2021-09-28,hold,-0.25455,-1.10680,278,333,3.05209,0.64186,0.91683,0.00000
2021-09-28,monthly,-0.23502,-0.70557,201,331,1.67088,0.35139,0.94781,0.22299
2021-10-05,hold,-0.14759,-1.26549,55,333,3.63317,0.76735,0.95732,0.00000
2021-10-05,monthly,-0.11184,-0.68880,37,302,1.84075,0.38878,1.05934,0.09441
2021-10-12,hold,-0.16041,-1.24647,104,333,3.56351,0.75590,0.95539,0.00000
2021-10-12,monthly,-0.14323,-0.60203,52,331,1.89123,0.40117,1.09808,0.09560
2021-10-19,hold,-0.20942,-1.17375,199,333,3.29723,0.70245,0.94118,0.00000
2021-10-19,monthly,-0.20017,-0.65013,150,331,1.74810,0.37242,1.02101,0.13618
2021-10-26,hold,-0.21112,-1.17123,199,333,3.28803,0.70355,0.94279,0.00000
2021-10-26,monthly,-0.17624,-0.70862,105,302,1.77467,0.37973,1.02123,0.15663
2021-11-02,hold,-0.23631,-1.13386,275,333,3.15118,0.67723,0.93567,0.00000
2021-11-02,monthly,-0.21262,-0.67744,151,302,1.68399,0.36191,0.97125,0.19795
2021-11-10,hold,-0.25334,-1.10859,278,333,3.05866,0.66024,0.93107,0.00000
2021-11-10,monthly,-0.26255,-0.60618,260,331,1.73951,0.37549,1.02029,0.21943
2021-11-17,hold,-0.28881,-1.05596,329,333,2.86596,0.62138,0.91815,0.00000
2021-11-17,monthly,-0.32057,-0.64915,285,331,1.64088,0.35577,0.95678,0.28653
2021-11-25,hold,-0.28715,-1.05841,329,333,2.87494,0.62610,0.92127,0.00000
2021-11-25,monthly,-0.29771,-0.70128,285,331,1.62877,0.35471,0.95387,0.29156
2021-12-02,hold,-0.26113,-1.09703,278,333,3.01634,0.65982,0.93488,0.00000
2021-12-02,monthly,-0.24031,-0.67526,200,293,1.74958,0.38272,1.02222,0.23350
2021-12-09,hold,-0.28159,-1.06667,297,333,2.90515,0.63835,0.92826,0.00000
2021-12-09,monthly,-0.30013,-0.61653,279,331,1.71332,0.37647,1.01491,0.25632
2021-12-16,hold,-0.28990,-1.05434,329,333,2.86000,0.63126,0.92696,0.00000
2021-12-16,monthly,-0.31612,-0.64724,285,331,1.66258,0.36697,0.98688,0.29609
2021-12-23,hold,-0.28494,-1.06170,328,333,2.88697,0.64010,0.93182,0.00000
2021-12-23,monthly,-0.29547,-0.70181,281,315,1.60555,0.35598,0.94919,0.25587
2021-12-30,hold,-0.30175,-1.03676,331,333,2.79563,0.62266,0.92620,0.00000
2021-12-30,monthly,-0.30545,-0.67982,283,302,1.65314,0.36820,0.98223,0.27878
2022-01-11,hold,-0.28159,-1.06667,297,326,2.90515,0.65001,0.93808,0.00000
2022-01-11,monthly,-0.29667,-0.61616,279,299,1.73259,0.38766,1.03216,0.25364
2022-01-18,hold,-0.27878,-1.07084,294,317,2.92044,0.65643,0.94173,0.00000
2022-01-18,monthly,-0.30385,-0.61909,276,292,1.71299,0.38503,1.03597,0.27864
2022-01-25,hold,-0.20567,-1.17931,197,317,3.31760,0.74914,0.97470,0.00000
2022-01-25,monthly,-0.20578,-0.67863,195,300,1.72550,0.38963,1.04143,0.20775
2022-02-01,hold,-0.22113,-1.15638,255,317,3.23365,0.73356,0.97182,0.00000
2022-02-01,monthly,-0.20142,-0.66107,190,291,1.80675,0.40986,1.09054,0.19105
2022-02-08,hold,-0.17174,-1.22966,104,317,3.50197,0.79812,0.99295,0.00000
2022-02-08,monthly,-0.16290,-0.66664,104,300,1.77602,0.40477,1.08460,0.14876
2022-02-16,hold,-0.20567,-1.17931,182,317,3.31760,0.75964,0.98353,0.00000
2022-02-16,monthly,-0.21548,-0.63903,181,300,1.79859,0.41183,1.10211,0.14993
2022-02-24,hold,-0.12574,-1.29791,38,317,3.75187,0.86311,1.01355,0.00000
2022-02-24,monthly,-0.11597,-0.66655,36,300,1.79715,0.41343,1.11329,0.09684
2022-03-03,hold,-0.15268,-1.25793,104,317,3.60548,0.83334,1.00777,0.00000
2022-03-03,monthly,-0.13292,-0.70557,38,300,1.77299,0.40979,1.08925,0.12089
2022-03-10,hold,-0.11820,-1.30909,36,317,3.79280,0.88079,1.02233,0.00000
2022-03-10,monthly,-0.10241,-0.68880,36,300,1.85018,0.42966,1.15685,0.08498
2022-03-17,hold,-0.13437,-1.28511,38,317,3.70500,0.86450,1.02031,0.00000
2022-03-17,monthly,-0.12748,-0.60203,38,291,1.90698,0.44496,1.20728,0.07986
2022-03-25,hold,-0.20258,-1.18390,157,317,3.33442,0.78175,0.99933,0.00000
2022-03-25,monthly,-0.20871,-0.65013,155,300,1.73956,0.40784,1.10962,0.14472
2022-04-01,hold,-0.19631,-1.19320,152,317,3.36845,0.79353,1.00420,0.00000
2022-04-01,monthly,-0.19210,-0.70862,150,300,1.75880,0.41433,1.10381,0.17250
2022-04-08,hold,-0.14995,-1.26199,59,317,3.62035,0.85699,1.02333,0.00000
2022-04-08,monthly,-0.14377,-0.67744,52,300,1.75284,0.41492,1.10351,0.10983
2022-04-15,hold,-0.11694,-1.31097,36,317,3.79969,0.90381,1.03697,0.00000
2022-04-15,monthly,-0.10867,-0.60618,36,291,1.89340,0.45037,1.21436,0.06555
2022-04-22,hold,-0.12532,-1.29853,38,317,3.75413,0.89733,1.03708,0.00000
2022-04-22,monthly,-0.11991,-0.64915,37,300,1.84154,0.44017,1.17308,0.08587
2022-05-02,hold,-0.13355,-1.28632,38,317,3.70942,0.89099,1.03719,0.00000
2022-05-02,monthly,-0.11417,-0.70128,37,300,1.81231,0.43531,1.15912,0.10802
2022-05-12,hold,-0.10361,-1.33074,33,317,3.87207,0.93464,1.04930,0.00000
2022-05-12,monthly,-0.09182,-0.67526,26,293,1.89807,0.45816,1.21254,0.07654
2022-05-19,hold,-0.12366,-1.30100,38,317,3.76317,0.91285,1.04586,0.00000
2022-05-19,monthly,-0.12045,-0.61653,37,300,1.89300,0.45919,1.22662,0.07664
2022-05-26,hold,-0.14719,-1.26608,55,317,3.63532,0.88622,1.04094,0.00000
2022-05-26,monthly,-0.14271,-0.64724,48,300,1.83598,0.44758,1.19120,0.12269
2022-06-02,hold,-0.17948,-1.21817,105,317,3.45987,0.84767,1.03262,0.00000
2022-06-02,monthly,-0.17947,-0.70181,105,315,1.72154,0.42178,1.11366,0.13987
2022-06-09,hold,-0.18167,-1.21492,105,317,3.44799,0.84900,1.03444,0.00000
2022-06-09,monthly,-0.17973,-0.67982,105,300,1.77887,0.43801,1.15593,0.15305
2022-06-16,hold,-0.12574,-1.29791,36,317,3.75187,0.92849,1.05666,0.00000
2022-06-16,monthly,-0.11849,-0.61616,35,299,1.91077,0.47287,1.24605,0.07546
2022-06-23,hold,-0.03354,-1.43471,4,317,4.25278,1.05780,1.08717,0.00000
2022-06-23,monthly,-0.02521,-0.61909,4,292,1.99163,0.49538,1.32045,0.00000
2022-06-30,hold,-0.06683,-1.38532,13,317,4.07191,1.01798,1.08112,0.00000
2022-06-30,monthly,-0.06222,-0.67863,13,300,1.86906,0.46726,1.23634,0.06420
2022-07-07,hold,-0.02381,-1.44915,2,317,4.30564,1.08193,1.09590,0.00000
2022-07-07,monthly,-0.01037,-0.66107,1,291,1.99780,0.50201,1.31814,0.00000
2022-07-14,hold,-0.02946,-1.44076,3,317,4.27491,1.07974,1.09737,0.00000
2022-07-14,monthly,-0.01414,-0.66664,2,300,1.92478,0.48616,1.28657,0.00000
2022-07-22,hold,-0.08672,-1.35580,24,317,3.96382,1.00636,1.08430,0.00000
2022-07-22,monthly,-0.08422,-0.63903,11,300,1.92985,0.48996,1.29038,0.01739
2022-07-29,hold,-0.10535,-1.32816,33,317,3.86261,0.98577,1.08153,0.00000
2022-07-29,monthly,-0.10635,-0.66655,28,300,1.80676,0.46110,1.22167,0.08723
2022-08-05,hold,-0.12781,-1.29484,36,317,3.74063,0.95964,1.07729,0.00000
2022-08-05,monthly,-0.13114,-0.70557,36,300,1.77476,0.45531,1.18696,0.06203
2022-08-15,hold,-0.14362,-1.27138,55,317,3.65470,0.94253,1.07518,0.00000
2022-08-15,monthly,-0.14583,-0.68880,53,300,1.80676,0.46595,1.22926,0.11560
2022-08-22,hold,-0.13355,-1.28632,36,317,3.70942,0.96170,1.08151,0.00000
2022-08-22,monthly,-0.13800,-0.60203,36,291,1.89647,0.49168,1.30298,0.05226
2022-08-29,hold,-0.10099,-1.33463,29,317,3.88633,1.01293,1.09533,0.00000
2022-08-29,monthly,-0.10352,-0.65013,29,300,1.84475,0.48081,1.27544,0.03953
2022-09-05,hold,-0.08491,-1.35849,22,317,3.97368,1.04123,1.10339,0.00000
2022-09-05,monthly,-0.08491,-0.70862,22,300,1.86599,0.48895,1.26904,0.01937
2022-09-12,hold,-0.13233,-1.28814,36,317,3.71607,0.97897,1.09125,0.00000
2022-09-12,monthly,-0.13233,-0.67744,36,300,1.76428,0.46478,1.20472,0.08196
2022-09-20,hold,-0.09658,-1.34118,27,317,3.91028,1.03570,1.10620,0.00000
2022-09-20,monthly,-0.09658,-0.60618,27,291,1.90549,0.50470,1.32555,0.05346
2022-09-28,hold,-0.03404,-1.43396,4,317,4.25002,1.13180,1.12795,0.00000
2022-09-28,monthly,-0.03404,-0.64915,4,300,1.92741,0.51328,1.33079,0.00000
2022-10-05,hold,-0.05257,-1.38322,9,317,4.06421,1.08823,1.12153,0.00000
2022-10-05,monthly,-0.05257,-0.70128,9,300,1.85988,0.49800,1.29067,0.00000
2022-10-13,hold,0.00000,-1.45920,0,317,4.34243,1.16912,1.13955,0.00000
2022-10-13,monthly,0.00000,-0.67526,0,293,1.97461,0.53163,1.37065,0.00000
2022-10-20,hold,-0.00669,-1.41031,1,317,4.16342,1.12711,1.13370,0.00000
2022-10-20,monthly,-0.00669,-0.61653,1,300,1.96588,0.53220,1.38738,0.00000
2022-10-27,hold,-0.00200,-1.36800,1,317,4.00850,1.09120,1.12850,0.00000
2022-10-27,monthly,0.00000,-0.64724,0,300,1.89709,0.51643,1.34072,0.00000
2022-11-04,hold,-0.00992,-1.35714,1,317,3.96875,1.08642,1.12955,0.00000
2022-11-04,monthly,-0.00744,-0.70181,1,315,1.81505,0.49686,1.27557,0.00000
2022-11-11,hold,-0.12308,-1.20211,24,317,3.40108,0.93625,1.09692,0.00000
2022-11-11,monthly,-0.12236,-0.67982,24,300,1.73286,0.47702,1.23152,0.04325
2022-11-18,hold,-0.12769,-1.19580,24,317,3.37800,0.93515,1.09854,0.00000
2022-11-18,monthly,-0.13130,-0.61616,24,299,1.80228,0.49894,1.28631,0.03936
2022-11-28,hold,-0.14268,-1.17526,51,317,3.30276,0.91952,1.09624,0.00000
2022-11-28,monthly,-0.14746,-0.61909,46,292,1.77519,0.49423,1.28649,0.09928
2022-12-05,hold,-0.12845,-1.19476,28,317,3.37417,0.94477,1.10511,0.00000
2022-12-05,monthly,-0.12845,-0.67863,24,300,1.70155,0.47644,1.23026,0.11927
2022-12-12,hold,-0.12730,-1.19633,24,317,3.37991,0.95181,1.10909,0.00000
2022-12-12,monthly,-0.12730,-0.66107,24,291,1.78828,0.50360,1.28897,0.05906
2022-12-19,hold,-0.09933,-1.23466,19,317,3.52026,0.99707,1.12288,0.00000
2022-12-19,monthly,-0.09933,-0.66664,19,300,1.74127,0.49319,1.27388,0.01264
2022-12-26,hold,-0.02062,-1.34249,3,317,3.91510,1.11535,1.15229,0.00000
2022-12-26,monthly,-0.02062,-0.63903,3,300,1.89453,0.53972,1.38594,0.00000
2023-01-04,hold,-0.02014,-1.34315,2,317,3.91752,1.12256,1.15588,0.00000
2023-01-04,monthly,-0.02014,-0.66655,2,300,1.79785,0.51517,1.33160,0.00000
2023-01-12,hold,-0.00466,-1.26549,1,317,3.63317,1.04721,1.14133,0.00000
2023-01-12,monthly,-0.00466,-0.70557,1,300,1.74608,0.50328,1.27699,0.00000
2023-01-19,hold,-0.00906,-1.23243,2,317,3.51211,1.01830,1.13641,0.00000
2023-01-19,monthly,-0.00906,-0.68880,2,300,1.74422,0.50572,1.29712,0.00000
2023-01-26,hold,-0.01746,-1.19008,5,317,3.35705,0.97914,1.12835,0.00000
2023-01-26,monthly,-0.01746,-0.60203,5,291,1.79686,0.52409,1.35201,0.00000
2023-02-02,hold,-0.00485,-1.18957,1,317,3.35515,0.98445,1.13176,0.00000
2023-02-02,monthly,-0.00485,-0.65013,1,300,1.70444,0.50010,1.29090,0.00000
2023-02-09,hold,-0.00007,-1.18905,1,317,3.35326,0.98982,1.13507,0.00000
2023-02-09,monthly,-0.00007,-0.70862,1,300,1.72460,0.50907,1.28295,0.00000
2023-02-16,hold,-0.03205,-1.15103,4,317,3.21406,0.95448,1.12753,0.00000
2023-02-16,monthly,-0.03205,-0.67744,4,300,1.63142,0.48448,1.21750,0.00000
2023-02-24,hold,0.00000,-1.17274,0,317,3.29354,0.98405,1.13784,0.00000
2023-02-24,monthly,0.00000,-0.60618,0,291,1.75223,0.52353,1.33602,0.00000
2023-03-03,hold,-0.01051,-1.14143,2,317,3.17889,0.95562,1.13199,0.00000
2023-03-03,monthly,-0.00705,-0.64915,2,300,1.67939,0.50485,1.27035,0.00000
2023-03-10,hold,-0.03114,-1.11765,6,317,3.09182,0.93518,1.12803,0.00000
2023-03-10,monthly,-0.03088,-0.70128,6,300,1.63306,0.49395,1.23960,0.00000
2023-03-17,hold,-0.03977,-1.10769,8,317,3.05537,0.92990,1.12863,0.00000
2023-03-17,monthly,-0.03962,-0.67526,8,293,1.66641,0.50717,1.26398,0.00000
2023-03-27,hold,-0.04442,-1.10234,12,317,3.03576,0.92970,1.13054,0.00000
2023-03-27,monthly,-0.04468,-0.61653,12,300,1.69839,0.52013,1.31191,0.00685
2023-04-03,hold,-0.08002,-1.06129,28,317,2.88546,0.88923,1.11976,0.00000
2023-04-03,monthly,-0.08002,-0.64724,28,300,1.62128,0.49964,1.25383,0.07102
2023-04-10,hold,-0.02796,-1.12131,4,317,3.10524,0.96302,1.14471,0.00000
2023-04-10,monthly,-0.02796,-0.70181,4,315,1.60119,0.49657,1.23264,0.00000
2023-04-17,hold,-0.04711,-1.09924,15,317,3.02441,0.94392,1.14099,0.00000
2023-04-17,monthly,-0.04711,-0.67982,15,300,1.63778,0.51116,1.26630,0.00000
2023-04-24,hold,-0.04365,-1.10323,8,317,3.03902,0.95456,1.14610,0.00000
2023-04-24,monthly,-0.04365,-0.61616,8,299,1.71771,0.53954,1.33324,0.00000
2023-05-01,hold,0.00000,-1.14190,0,317,3.18064,1.00549,1.16288,0.00000
2023-05-01,monthly,0.00000,-0.61909,0,292,1.73326,0.54793,1.36629,0.00000
2023-05-11,hold,-0.00892,-1.09659,1,317,3.01473,0.95923,1.15159,0.00000
2023-05-11,monthly,-0.00170,-0.67863,1,300,1.59568,0.50772,1.25474,0.00000
2023-05-18,hold,-0.09394,-1.00257,3,317,2.67044,0.85524,1.12015,0.00000
2023-05-18,monthly,0.00000,-0.66107,0,291,1.60163,0.51294,1.25675,0.00108
2023-05-25,hold,-0.12876,-0.96406,6,317,2.52945,0.81542,1.10734,0.00000
2023-05-25,monthly,-0.01545,-0.66664,1,300,1.48008,0.47713,1.18039,0.00000
2023-06-01,hold,-0.15411,-0.93602,15,317,2.42680,0.78750,1.09803,0.00000
2023-06-01,monthly,-0.00310,-0.63903,1,300,1.50291,0.48770,1.19853,0.00000
2023-06-08,hold,-0.16946,-0.91905,15,317,2.36463,0.77245,1.09427,0.00000
2023-06-08,monthly,-0.07393,-0.66655,3,300,1.39036,0.45418,1.12734,0.00000
2023-06-15,hold,-0.23218,-0.84969,27,317,2.11068,0.69412,1.06059,0.00000
2023-06-15,monthly,-0.18644,-0.70557,23,300,1.31901,0.43377,1.05552,0.05319
2023-06-22,hold,-0.22858,-0.85367,27,317,2.12524,0.70363,1.06721,0.00000
2023-06-22,monthly,-0.16267,-0.68880,23,300,1.35434,0.44840,1.10420,0.11113
2023-06-29,hold,-0.22737,-0.85500,27,317,2.13013,0.71004,1.07230,0.00000
2023-06-29,monthly,-0.09077,-0.60203,23,291,1.43618,0.47873,1.18691,0.06261
2023-07-06,hold,-0.24508,-0.83542,47,317,2.05843,0.69084,1.06496,0.00000
2023-07-06,monthly,-0.15014,-0.65013,47,300,1.31715,0.44206,1.09711,0.07835
2023-07-13,hold,-0.22006,-0.86309,27,317,2.15975,0.72985,1.08653,0.00000
2023-07-13,monthly,-0.17047,-0.70862,21,300,1.37130,0.46341,1.12463,0.04432
2023-07-21,hold,-0.21385,-0.86995,27,317,2.18487,0.74346,1.09512,0.00000
2023-07-21,monthly,-0.13443,-0.67744,20,300,1.33190,0.45322,1.09603,0.04906
2023-07-28,hold,-0.22978,-0.85234,27,317,2.12037,0.72656,1.08866,0.00000
2023-07-28,monthly,-0.09496,-0.60618,23,291,1.40825,0.48255,1.18567,0.06356
2023-08-04,hold,-0.23456,-0.84706,27,317,2.10105,0.72501,1.08997,0.00000
2023-08-04,monthly,-0.13830,-0.64915,23,300,1.34984,0.46579,1.12734,0.06386
2023-08-14,hold,-0.20372,-0.88116,23,317,2.22591,0.77354,1.11454,0.00000
2023-08-14,monthly,-0.14605,-0.70128,15,300,1.37362,0.47736,1.15307,0.00322
2023-08-21,hold,-0.19595,-0.88976,22,317,2.25739,0.79009,1.12355,0.00000
2023-08-21,monthly,-0.10907,-0.67526,5,293,1.42777,0.49972,1.19541,0.08522
2023-08-28,hold,-0.19725,-0.88831,22,317,2.25210,0.79390,1.12817,0.00000
2023-08-28,monthly,-0.05386,-0.61653,5,300,1.45013,0.51120,1.24230,0.02599
2023-09-04,hold,-0.23456,-0.84706,27,317,2.10105,0.74602,1.10805,0.00000
2023-09-04,monthly,-0.13919,-0.64724,23,300,1.35819,0.48225,1.16481,0.07124
2023-09-11,hold,-0.21135,-0.87273,27,317,2.19503,0.78509,1.12818,0.00000
2023-09-11,monthly,-0.15754,-0.70181,20,315,1.32445,0.47371,1.13175,0.00000
2023-09-19,hold,-0.19332,-0.89266,22,317,2.26802,0.81715,1.14503,0.00000
2023-09-19,monthly,-0.10959,-0.67982,5,300,1.40663,0.50680,1.20811,0.05719
2023-09-26,hold,-0.19985,-0.88544,23,317,2.24157,0.81361,1.14583,0.00000
2023-09-26,monthly,-0.05730,-0.61616,5,299,1.48013,0.53723,1.28022,0.02590
2023-10-03,hold,-0.20628,-0.87833,23,317,2.21555,0.81016,1.14633,0.00000
2023-10-03,monthly,-0.06958,-0.61909,5,292,1.43669,0.52536,1.26227,0.00642
2023-10-11,hold,-0.21385,-0.86995,27,317,2.18487,0.80495,1.14678,0.00000
2023-10-11,monthly,-0.13472,-0.67863,15,300,1.34350,0.49497,1.18285,0.00000
2023-10-18,hold,-0.23692,-0.84444,27,317,2.09148,0.77638,1.13658,0.00000
2023-10-18,monthly,-0.14972,-0.66107,14,291,1.41137,0.52392,1.23815,0.19134
2023-10-25,hold,-0.21385,-0.86995,27,317,2.18487,0.81724,1.15799,0.00000
2023-10-25,monthly,-0.12745,-0.66664,15,300,1.36809,0.51173,1.22412,0.00348
2023-11-01,hold,-0.16666,-0.92214,15,317,2.37597,0.89556,1.19449,0.00000
2023-11-01,monthly,-0.02520,-0.63903,1,300,1.48081,0.55815,1.32806,0.00000
2023-11-09,hold,-0.24277,-0.83798,27,317,2.06780,0.78544,1.14962,0.00000
2023-11-09,monthly,-0.17280,-0.66655,22,300,1.29148,0.49056,1.18123,0.00221
2023-11-16,hold,-0.30262,-0.77179,60,317,1.82545,0.69881,1.10729,0.00000
2023-11-16,monthly,-0.28937,-0.70557,30,300,1.21608,0.46553,1.09613,0.14552
2023-11-24,hold,-0.31989,-0.75268,78,317,1.75548,0.67731,1.09642,0.00000
2023-11-24,monthly,-0.30299,-0.68880,35,300,1.21401,0.46840,1.11810,0.25146
2023-12-01,hold,-0.32730,-0.74449,78,317,1.72549,0.67102,1.09413,0.00000
2023-12-01,monthly,-0.21774,-0.60203,27,291,1.27390,0.49540,1.18846,0.11739
2023-12-08,hold,-0.29965,-0.77507,60,317,1.83746,0.72028,1.12592,0.00000
2023-12-08,monthly,-0.23400,-0.65013,27,300,1.23329,0.48345,1.16380,0.09180
2023-12-15,hold,-0.33723,-0.73351,82,317,1.68529,0.66596,1.09631,0.00000
2023-12-15,monthly,-0.34140,-0.70862,56,300,1.20037,0.47434,1.11139,0.19224
2023-12-22,hold,-0.34859,-0.72095,82,317,1.63929,0.65305,1.08995,0.00000
2023-12-22,monthly,-0.33571,-0.67744,73,300,1.13062,0.45041,1.05112,0.19344
2023-12-29,hold,-0.35286,-0.71623,83,317,1.62201,0.65146,1.09021,0.00000
2023-12-29,monthly,-0.27238,-0.60618,30,291,1.21274,0.48708,1.15587,0.19108
2024-01-11,hold,-0.36040,-0.70789,159,317,1.59148,0.64448,1.08811,0.00000
2024-01-11,monthly,-0.33012,-0.64915,69,300,1.15801,0.46895,1.09599,0.21430
2024-01-18,hold,-0.36938,-0.69796,200,317,1.55511,0.63500,1.08285,0.00000
2024-01-18,monthly,-0.39118,-0.70128,82,300,1.12849,0.46080,1.07011,0.21678
2024-01-25,hold,-0.42980,-0.63114,282,317,1.31046,0.53960,1.01568,0.00000
2024-01-25,monthly,-0.47562,-0.67526,224,293,1.06123,0.43698,1.01084,0.45177
2024-02-01,hold,-0.40934,-0.65376,276,317,1.39329,0.57857,1.04851,0.00000
2024-02-01,monthly,-0.37577,-0.61653,81,300,1.12288,0.46628,1.09641,0.26846
2024-02-08,hold,-0.43823,-0.62182,286,317,1.27632,0.53453,1.01505,0.00000
2024-02-08,monthly,-0.47176,-0.64724,279,300,1.02561,0.42953,1.00374,0.36570
2024-02-16,hold,-0.49353,-0.56066,313,317,1.05237,0.44454,0.93297,0.00000
2024-02-16,monthly,-0.63049,-0.70181,291,315,0.85149,0.35968,0.82815,0.46623
2024-02-26,hold,-0.50221,-0.55106,313,317,1.01722,0.43343,0.92506,0.00000
2024-02-26,monthly,-0.61821,-0.67982,289,300,0.89801,0.38263,0.88011,0.56581
2024-03-04,hold,-0.51635,-0.53542,316,317,0.95997,0.41262,0.90444,0.00000
2024-03-04,monthly,-0.59279,-0.61616,291,299,0.93251,0.40082,0.92589,0.47647
2024-03-11,hold,-0.46788,-0.58902,297,317,1.15623,0.50137,0.99760,0.00000
2024-03-11,monthly,-0.49618,-0.61909,284,292,1.01009,0.43801,1.02371,0.40875
2024-03-18,hold,-0.46267,-0.59478,296,317,1.17733,0.51508,1.01112,0.00000
2024-03-18,monthly,-0.55033,-0.67863,286,300,0.92789,0.40595,0.93842,0.41023
2024-03-26,hold,-0.49969,-0.55385,313,317,1.02744,0.45355,0.95378,0.00000
2024-03-26,monthly,-0.59646,-0.66107,287,291,0.96463,0.42583,0.96846,0.63808
2024-04-02,hold,-0.50471,-0.54830,313,317,1.00712,0.44862,0.94994,0.00000
2024-04-02,monthly,-0.61643,-0.66664,297,300,0.87911,0.39160,0.90372,0.49246
2024-04-09,hold,-0.49816,-0.55553,313,317,1.03361,0.46465,0.96867,0.00000
2024-04-09,monthly,-0.57846,-0.63903,289,300,0.92755,0.41697,0.95546,0.48772
2024-04-16,hold,-0.49560,-0.55837,313,317,1.04399,0.47366,0.97913,0.00000
2024-04-16,monthly,-0.60235,-0.66655,289,300,0.86193,0.39106,0.90584,0.43176
2024-04-23,hold,-0.44579,-0.61345,286,317,1.24569,0.57046,1.07314,0.00000
2024-04-23,monthly,-0.54209,-0.70557,284,300,0.96336,0.44116,0.99584,0.39824
2024-05-01,hold,-0.45133,-0.60733,286,317,1.22325,0.56547,1.07405,0.00000
2024-05-01,monthly,-0.53860,-0.68880,284,300,0.97841,0.45228,1.04175,0.48706
2024-05-10,hold,-0.46558,-0.59157,297,317,1.16555,0.54393,1.05763,0.00000
2024-05-10,monthly,-0.47946,-0.60203,284,291,1.01217,0.47235,1.09404,0.37912
2024-05-17,hold,-0.48293,-0.57238,297,317,1.09532,0.51606,1.03313,0.00000
2024-05-17,monthly,-0.56128,-0.65013,287,300,0.90601,0.42687,0.99037,0.41908
2024-05-24,hold,-0.49145,-0.56296,298,317,1.06082,0.50466,1.02398,0.00000
2024-05-24,monthly,-0.63505,-0.70862,289,300,0.90672,0.43135,0.97178,0.48589
2024-05-31,hold,-0.47579,-0.58028,297,317,1.12421,0.54006,1.05859,0.00000
2024-05-31,monthly,-0.57514,-0.67744,288,300,0.89119,0.42812,0.95787,0.43287
2024-06-07,hold,-0.47130,-0.58524,297,317,1.14239,0.55423,1.07306,0.00000
2024-06-07,monthly,-0.49507,-0.60618,284,291,0.99005,0.48032,1.09610,0.41377
2024-06-14,hold,-0.48669,-0.56822,297,317,1.08008,0.52924,1.05032,0.00000
2024-06-14,monthly,-0.56762,-0.64915,288,300,0.92052,0.45105,1.00774,0.45179
2024-06-21,hold,-0.48293,-0.57238,297,317,1.09532,0.54213,1.06363,0.00000
2024-06-21,monthly,-0.61182,-0.70128,288,300,0.90785,0.44934,0.99931,0.43743
2024-06-28,hold,-0.48669,-0.56822,297,317,1.08008,0.54004,1.06305,0.00000
2024-06-28,monthly,-0.59372,-0.67526,286,293,0.94312,0.47156,1.03813,0.56987
2024-07-05,hold,-0.50865,-0.54394,313,317,0.99115,0.50068,1.02559,0.00000
2024-07-05,monthly,-0.58124,-0.61653,289,300,0.91740,0.46343,1.03735,0.47394
2024-07-12,hold,-0.50865,-0.51014,313,313,0.99115,0.50590,1.03403,0.00000
2024-07-12,monthly,-0.61076,-0.61225,289,289,0.88662,0.45254,1.00922,0.50470
2024-07-22,hold,-0.45011,-0.45011,286,286,1.22820,0.63349,1.15995,0.00000
2024-07-22,monthly,-0.55144,-0.55144,285,285,0.93055,0.47997,1.06032,0.38717
2024-07-29,hold,-0.38812,-0.42847,261,276,1.47920,0.77107,1.26912,0.00000
2024-07-29,monthly,-0.43825,-0.47859,205,230,1.07797,0.56192,1.23763,0.38585
2024-08-05,hold,-0.26855,-0.47811,30,263,1.96341,1.03448,1.44969,0.00000
2024-08-05,monthly,-0.25050,-0.46006,27,221,1.27480,0.67167,1.52653,0.13418
2024-08-13,hold,-0.32176,-0.44335,78,263,1.74792,0.93096,1.41316,0.00000
2024-08-13,monthly,-0.31963,-0.44122,49,209,1.18664,0.63202,1.45590,0.23220
2024-08-20,hold,-0.39338,-0.39338,262,262,1.45790,0.78503,1.32905,0.00000
2024-08-20,monthly,-0.43819,-0.43819,208,208,1.04003,0.56002,1.29927,0.29809
2024-08-27,hold,-0.35455,-0.38668,83,209,1.61517,0.87937,1.39297,0.00000
2024-08-27,monthly,-0.36746,-0.39959,52,187,1.19363,0.64987,1.49688,0.40908
2024-09-03,hold,-0.37098,-0.37098,208,208,1.54861,0.85261,1.37849,0.00000
2024-09-03,monthly,-0.40740,-0.40740,196,196,1.08813,0.59909,1.40320,0.28343
2024-09-10,hold,-0.27285,-0.41941,31,170,1.94597,1.08355,1.51612,0.00000
2024-09-10,monthly,-0.25667,-0.39896,28,168,1.24934,0.69566,1.58838,0.16593
2024-09-18,hold,-0.27711,-0.41696,31,170,1.92874,1.08630,1.52272,0.00000
2024-09-18,monthly,-0.26448,-0.40433,30,169,1.19980,0.67575,1.58076,0.09389
2024-09-26,hold,-0.31707,-0.39392,78,170,1.76690,1.00672,1.48742,0.00000
2024-09-26,monthly,-0.35112,-0.42796,73,168,1.15433,0.65770,1.50788,0.20726
2024-10-03,hold,-0.33812,-0.38179,82,170,1.68170,0.96945,1.47877,0.00000
2024-10-03,monthly,-0.36353,-0.40721,72,167,1.15348,0.66495,1.55906,0.31199
2024-10-10,hold,-0.35455,-0.37232,83,170,1.61517,0.94218,1.46509,0.00000
2024-10-10,monthly,-0.37298,-0.39076,81,168,1.11865,0.65255,1.53582,0.27264
2024-10-18,hold,-0.32712,-0.38160,78,159,1.72623,1.01910,1.51652,0.00000
2024-10-18,monthly,-0.33425,-0.39539,73,102,1.13304,0.66890,1.56914,0.19205
2024-10-25,hold,-0.30867,-0.39206,74,159,1.80095,1.07618,1.55068,0.00000
2024-10-25,monthly,-0.34307,-0.42681,56,102,1.19870,0.71630,1.64548,0.19391
2024-11-01,hold,-0.32968,-0.37744,80,104,1.71588,1.03800,1.53775,0.00000
2024-11-01,monthly,-0.35480,-0.40503,80,102,1.11153,0.67241,1.55970,0.21253
2024-11-11,hold,-0.34392,-0.36943,82,104,1.65820,1.01565,1.53009,0.00000
2024-11-11,monthly,-0.35318,-0.38737,77,101,1.13194,0.69332,1.62543,0.27187
2024-11-18,hold,-0.28588,-0.40208,54,104,1.89320,1.17427,1.61833,0.00000
2024-11-18,monthly,-0.28020,-0.39248,31,102,1.20793,0.74922,1.70029,0.16438
2024-11-25,hold,-0.30202,-0.39300,60,104,1.82785,1.14826,1.60914,0.00000
2024-11-25,monthly,-0.32568,-0.41851,56,103,1.19400,0.75007,1.70736,0.15128
2024-12-02,hold,-0.28131,-0.40465,51,104,1.91171,1.21654,1.64683,0.00000
2024-12-02,monthly,-0.28204,-0.40245,29,97,1.25481,0.79851,1.81747,0.25819
2024-12-09,hold,-0.28876,-0.40046,55,104,1.88155,1.21310,1.65042,0.00000
2024-12-09,monthly,-0.28148,-0.39018,34,102,1.21717,0.78475,1.79675,0.17418
2024-12-16,hold,-0.29283,-0.39817,55,104,1.86506,1.21851,1.65734,0.00000
2024-12-16,monthly,-0.28656,-0.38924,35,102,1.21081,0.79107,1.78554,0.18050
2024-12-23,hold,-0.28006,-0.40536,51,104,1.91680,1.26923,1.68544,0.00000
2024-12-23,monthly,-0.29564,-0.42094,31,102,1.18635,0.78556,1.74910,0.13137
2024-12-30,hold,-0.30867,-0.38926,74,104,1.80095,1.20886,1.66117,0.00000
2024-12-30,monthly,-0.32601,-0.40661,36,101,1.19021,0.79891,1.78143,0.27361
2025-01-10,hold,-0.33437,-0.37480,81,104,1.69686,1.15481,1.64102,0.00000
2025-01-10,monthly,-0.35593,-0.39636,80,102,1.16937,0.79582,1.79572,0.23962
2025-01-20,hold,-0.31821,-0.38389,78,104,1.76232,1.21625,1.67982,0.00000
2025-01-20,monthly,-0.32834,-0.39403,69,101,1.17794,0.81294,1.82088,0.24090
2025-01-27,hold,-0.34531,-0.36706,82,84,1.65257,1.15680,1.65477,0.00000
2025-01-27,monthly,-0.38288,-0.40463,81,82,1.09533,0.76673,1.71655,0.24279
2025-02-03,hold,-0.29445,-0.39555,56,84,1.85852,1.31982,1.74621,0.00000
2025-02-03,monthly,-0.28497,-0.38607,34,72,1.27612,0.90623,2.01970,0.32659
2025-02-10,hold,-0.32083,-0.38077,78,84,1.75170,1.26225,1.72311,0.00000
2025-02-10,monthly,-0.33576,-0.39570,73,82,1.15978,0.83572,1.88574,0.21179
2025-02-18,hold,-0.33257,-0.37419,81,84,1.70414,1.24631,1.71887,0.00000
2025-02-18,monthly,-0.34888,-0.39050,75,82,1.15713,0.84626,1.84819,0.25815
2025-02-26,hold,-0.32639,-0.33297,78,78,1.72920,1.28380,1.74442,0.00000
2025-02-26,monthly,-0.34859,-0.35027,78,78,1.11569,0.82831,1.86435,0.17800
2025-03-05,hold,-0.28340,-0.35420,51,61,1.90327,1.43477,1.82443,0.00000
2025-03-05,monthly,-0.30683,-0.34111,31,56,1.19862,0.90357,1.98827,0.16298
2025-03-12,hold,-0.27328,-0.35920,31,61,1.94424,1.48856,1.85321,0.00000
2025-03-12,monthly,-0.27328,-0.32216,29,41,1.24373,0.95223,2.09849,0.22175
2025-03-19,hold,-0.30595,-0.34307,60,60,1.81196,1.40931,1.82311,0.00000
2025-03-19,monthly,-0.30595,-0.30595,36,40,1.18569,0.92220,2.04252,0.20561
2025-03-27,hold,-0.27285,-0.35941,31,41,1.94597,1.53794,1.88575,0.00000
2025-03-27,monthly,-0.27285,-0.27285,31,40,1.19444,0.94399,2.06489,0.13065
2025-04-03,hold,-0.14916,-0.42051,15,41,2.44685,1.96550,2.05238,0.00000
2025-04-03,monthly,-0.14916,-0.18708,15,40,1.39261,1.11866,2.42229,0.00000
2025-04-10,hold,-0.06491,-0.41424,11,41,2.39543,1.95627,2.08347,0.00000
2025-04-10,monthly,-0.06491,-0.18859,11,41,1.32406,1.08131,2.43529,0.00000
2025-04-17,hold,0.00000,-0.44211,0,41,2.62396,2.17922,2.16255,0.00000
2025-04-17,monthly,0.00000,-0.18371,0,41,1.40382,1.16588,2.65852,0.00000
2025-04-24,hold,-0.00676,-0.42519,1,41,2.48523,2.09959,2.14867,0.00000
2025-04-24,monthly,-0.00676,-0.19830,1,40,1.37231,1.15937,2.52816,0.00000
2025-05-02,hold,-0.00448,-0.40490,1,41,2.31892,1.99345,2.12651,0.00000
2025-05-02,monthly,-0.00448,-0.18667,1,40,1.34528,1.15647,2.58529,0.00000
2025-05-13,hold,-0.05998,-0.35984,18,41,1.94944,1.70576,2.03039,0.00000
2025-05-13,monthly,-0.05998,-0.18657,18,40,1.18348,1.03554,2.33770,0.00000
2025-05-20,hold,-0.01652,-0.37646,4,41,2.08576,1.85822,2.10012,0.00000
2025-05-20,monthly,-0.01652,-0.18074,4,41,1.25326,1.11654,2.49265,0.00000
2025-05-27,hold,-0.02255,-0.37416,2,41,2.06686,1.87548,2.11364,0.00000
2025-05-27,monthly,-0.02255,-0.19382,2,40,1.24301,1.12791,2.46198,0.00000
2025-06-03,hold,0.00000,-0.37974,0,41,2.11261,1.95317,2.15274,0.00000
2025-06-03,monthly,0.00000,-0.18880,0,40,1.24006,1.14647,2.51441,0.00000
2025-06-10,hold,-0.01445,-0.35503,1,41,1.91002,1.79982,2.10144,0.00000
2025-06-10,monthly,-0.01445,-0.18750,1,40,1.18081,1.11269,2.45119,0.00000
2025-06-17,hold,0.00000,-0.34795,0,41,1.85201,1.77938,2.10356,0.00000
2025-06-17,monthly,0.00000,-0.17168,0,40,1.19686,1.14992,2.51804,0.00000
2025-06-24,hold,-0.02170,-0.33207,5,41,1.72178,1.68735,2.07126,0.00000
2025-06-24,monthly,-0.01493,-0.19093,4,40,1.11624,1.09392,2.35802,0.00000
2025-07-01,hold,-0.07023,-0.31560,28,41,1.58679,1.58679,2.03031,0.00000
2025-07-01,monthly,-0.07181,-0.18687,28,40,1.03378,1.03378,2.23397,0.04906
