Run_Name,Trial_Number,Val_Acc_Best,Status,dropout,weight_decay,lr,n_features_to_select
daily_2644t_risk_on_ridge,2000,0.0008904402260668576,SUCCESS,0.14546917684811045,0.0013532489324761259,0.002184157406517872,14
daily_2644t_risk_on_ridge,2001,,PRUNED,0.17030212817966617,0.0012517567182216487,0.0020379035987942865,14
daily_2644t_risk_on_ridge,2002,,PRUNED,0.16019666788709722,0.0014216981590973942,0.0026909222481352915,18
daily_2644t_risk_on_ridge,2003,,PRUNED,0.1523260165404293,0.0012866904897221613,0.0024071263807488442,2
daily_2644t_risk_on_ridge,2004,,PRUNED,0.1612534665104019,0.0015916036385748486,0.002160863570866958,7
daily_2644t_risk_on_ridge,2005,,PRUNED,0.15276729970520073,0.0008860984670088881,0.0028322384749057427,21
daily_2644t_risk_on_ridge,2006,,PRUNED,0.1450875930053855,0.00109771741446424,0.0024092491981856415,12
daily_2644t_risk_on_ridge,2007,,PRUNED,0.2405330384365323,0.0013134772767826011,0.0023025836967640405,8
daily_2644t_risk_on_ridge,2008,,PRUNED,0.16631018312044774,0.0016874229926187641,0.002539191732516355,16
daily_2644t_risk_on_ridge,2009,,PRUNED,0.06870799854985334,0.0012033687975496325,0.002042519278002637,9
daily_2644t_risk_on_ridge,2010,,PRUNED,0.2216845285488191,0.001085578770238419,0.0017664108088063562,5
daily_2644t_risk_on_ridge,2011,,PRUNED,0.009181891391597075,0.0008327291830769574,0.00292654028532415,21
daily_2644t_risk_on_ridge,2012,0.0008039898239076138,SUCCESS,0.18605776041049754,0.0013777729314520255,0.0025734313504013717,12
daily_2644t_risk_on_ridge,2013,0.0008212871733121573,SUCCESS,0.18914192508755193,0.001171190699327256,0.0024314014568323655,12
daily_2644t_risk_on_ridge,2014,,PRUNED,0.18148806515133256,0.0011904321673432926,0.002551562039565357,12
daily_2644t_risk_on_ridge,2015,,PRUNED,0.1863885010323436,0.0014803068428178563,0.0025013843071923195,15
daily_2644t_risk_on_ridge,2016,,PRUNED,0.19030218127641393,0.0014890070172137713,0.0022878881691598446,11
daily_2644t_risk_on_ridge,2017,,PRUNED,0.18907914552017965,0.0016971935201906623,0.0027983554356641664,14
daily_2644t_risk_on_ridge,2018,,PRUNED,0.1847912349595548,0.0018015003481327385,0.0022127683837532817,18
daily_2644t_risk_on_ridge,2019,0.0007977809058502316,SUCCESS,0.1940880611086291,0.0013985160960706463,0.002969914278624707,10
daily_2644t_risk_on_ridge,2020,,PRUNED,0.19758066495905136,0.0013811722625845023,0.003025644397369713,10
daily_2644t_risk_on_ridge,2021,,PRUNED,0.1976007586296227,0.001535672071187999,0.0030644309926428095,13
daily_2644t_risk_on_ridge,2022,,PRUNED,0.18624666261036651,0.0010860251887147131,0.003099755299859896,10
daily_2644t_risk_on_ridge,2023,,PRUNED,0.19081931530221374,0.0013720238776845515,0.0032574346083166904,6
daily_2644t_risk_on_ridge,2024,,PRUNED,0.18198843342806728,0.0019512581195758774,0.002688014388885099,17
daily_2644t_risk_on_ridge,2025,,PRUNED,0.18747046606698264,0.0011450171568170677,0.0026637298121713884,12
daily_2644t_risk_on_ridge,2026,,PRUNED,0.19908248942270612,0.0013399571505646564,0.002676598437870858,9
daily_2644t_risk_on_ridge,2027,,PRUNED,0.20027958379290767,0.001760752746449362,0.0024401518746190614,14
daily_2644t_risk_on_ridge,2028,,PRUNED,0.19933964115572084,0.0019026385871527068,0.0029815391228093565,11
daily_2644t_risk_on_ridge,2029,,PRUNED,0.17896155124531432,0.0016081883384432816,0.0024125005097358964,16
daily_2644t_risk_on_ridge,2030,,PRUNED,0.1934355259254056,0.0010555506053019866,0.0033989577329236165,13
daily_2644t_risk_on_ridge,2031,,PRUNED,0.20252432917696198,0.0012688029778401642,0.0022301753260356607,4
daily_2644t_risk_on_ridge,2032,,PRUNED,0.19073388172088943,0.0009931967028921477,0.0028638429721300858,15
daily_2644t_risk_on_ridge,2033,,PRUNED,0.17668817591657301,0.0015357854155682706,0.0025731425005959116,19
daily_2644t_risk_on_ridge,2034,,PRUNED,0.18190888951381706,0.0012750246789562517,0.003385039341325231,8
daily_2644t_risk_on_ridge,2035,,PRUNED,0.19380909731026172,0.001883378985486701,0.0031396098426359625,1
daily_2644t_risk_on_ridge,2036,,PRUNED,0.18495253404957848,0.0016285163940072745,0.002205860057249869,13
daily_2644t_risk_on_ridge,2037,,PRUNED,0.17872962387179506,0.0010254721243025775,0.0025417924840897134,10
daily_2644t_risk_on_ridge,2038,,PRUNED,0.18771188883078588,0.0013297278591244714,0.0021871895782298524,7
daily_2644t_risk_on_ridge,2039,,PRUNED,0.19745834836551326,0.000945844642050935,0.002710137281630032,14
daily_2644t_risk_on_ridge,2040,,PRUNED,0.18100135431623904,0.0011355279370179213,0.0021913522088619487,12
daily_2644t_risk_on_ridge,2041,0.0007775179925374687,SUCCESS,0.19410678291731007,0.0015735704960882588,0.0033429602315864803,9
daily_2644t_risk_on_ridge,2042,0.0007616103102918714,SUCCESS,0.20079932263317685,0.0018934291641990188,0.0029561689103167845,9
daily_2644t_risk_on_ridge,2043,,PRUNED,0.20221724120609996,0.0018835505631061551,0.0031106598314569202,9
daily_2644t_risk_on_ridge,2044,,PRUNED,0.20737409009010924,0.0015679118225408151,0.003698399959582153,11
daily_2644t_risk_on_ridge,2045,,PRUNED,0.2073801265138467,0.0017590773809926178,0.0033064739228202897,8
daily_2644t_risk_on_ridge,2046,,PRUNED,0.20546196431772276,0.001523816537740544,0.0036571059638884507,7
daily_2644t_risk_on_ridge,2047,,PRUNED,0.19408136001800622,0.0018774326847386263,0.003400180974774753,10
daily_2644t_risk_on_ridge,2048,,PRUNED,0.2017417007409003,0.0020570880176446894,0.003228811828412876,9
daily_2644t_risk_on_ridge,2049,,PRUNED,0.20862176385908618,0.0013643934344753825,0.00274285235722044,12
daily_2644t_risk_on_ridge,2050,,PRUNED,0.19910281461737633,0.002043962496819438,0.0028946565413931423,4
daily_2644t_risk_on_ridge,2051,,PRUNED,0.20065456226008158,0.0013993496377625286,0.0034050761345368556,11
daily_2644t_risk_on_ridge,2052,,PRUNED,0.1939865208619795,0.0013056229485635545,0.0029107941241229515,7
daily_2644t_risk_on_ridge,2053,,PRUNED,0.18994951724425438,0.0015507997358325037,0.003033504594679638,15
daily_2644t_risk_on_ridge,2054,,PRUNED,0.21170766102667096,0.0017737257156405161,0.004007386580738362,10
daily_2644t_risk_on_ridge,2055,,PRUNED,0.21548789028721638,0.001010674166062927,0.0025949067463141213,13
daily_2644t_risk_on_ridge,2056,,PRUNED,0.21391174496765653,0.0014402824558534125,0.0029403045995065936,8
daily_2644t_risk_on_ridge,2057,,PRUNED,0.1918350807175511,0.0011120233138278116,0.002387374174024185,11
daily_2644t_risk_on_ridge,2058,,PRUNED,0.19461582827564927,0.001242731388737808,0.0038154326462328148,6
daily_2644t_risk_on_ridge,2059,,PRUNED,0.19996320926235397,0.0020997270009489332,0.0026568835012307514,9
daily_2644t_risk_on_ridge,2060,,PRUNED,0.18788114336298165,0.0014950833191577735,0.003262342639210791,16
daily_2644t_risk_on_ridge,2061,,PRUNED,0.21182925927602703,0.002110894454665075,0.003275769944264914,13
daily_2644t_risk_on_ridge,2062,,PRUNED,0.19028092705662475,0.001154551710415317,0.002329536860156301,14
daily_2644t_risk_on_ridge,2063,,PRUNED,0.1982964577586157,0.001749073240743092,0.0038507110159950804,12
daily_2644t_risk_on_ridge,2064,,PRUNED,0.20697043277812063,0.001018890095918329,0.0027745054643972433,6
daily_2644t_risk_on_ridge,2065,0.0007859990233555436,SUCCESS,0.19834491639698665,0.0013740350771153417,0.0035475768956659357,10
daily_2644t_risk_on_ridge,2066,,PRUNED,0.1856544236600579,0.0021244967630751586,0.0036001728272380376,10
daily_2644t_risk_on_ridge,2067,,PRUNED,0.20332016966348798,0.0016128710888731288,0.0032994443712773235,11
daily_2644t_risk_on_ridge,2068,,PRUNED,0.19481815144996234,0.001267798454735268,0.0039050063826552768,9
daily_2644t_risk_on_ridge,2069,,PRUNED,0.18511880144862417,0.001499995079466441,0.002920942536999238,11
daily_2644t_risk_on_ridge,2070,,PRUNED,0.20573488446709629,0.0019261343162060565,0.004045070703090388,13
daily_2644t_risk_on_ridge,2071,,PRUNED,0.1915869311345073,0.0011171541978067616,0.0034963206341394144,12
daily_2644t_risk_on_ridge,2072,,PRUNED,0.17785029895386192,0.0011901486144051865,0.0037040661526351066,10
daily_2644t_risk_on_ridge,2073,,PRUNED,0.1970151816560506,0.0015796045544932149,0.0028741145167326394,8
daily_2644t_risk_on_ridge,2074,,PRUNED,0.1875069070633074,0.002242014538305436,0.003597781756360042,10
daily_2644t_risk_on_ridge,2075,,PRUNED,0.20493911127359213,0.0013980778608398143,0.0025765743353916917,20
daily_2644t_risk_on_ridge,2076,,PRUNED,0.20599640869497385,0.0018546005236867024,0.004151278765139688,17
daily_2644t_risk_on_ridge,2077,,PRUNED,0.1782993118666696,0.0010187386933935426,0.003045435966007881,14
daily_2644t_risk_on_ridge,2078,,PRUNED,0.19411602368910622,0.0013048031293898764,0.0024957498770907757,15
daily_2644t_risk_on_ridge,2079,,PRUNED,0.18115961650547732,0.001804807046347621,0.003482946452119803,12
daily_2644t_risk_on_ridge,2080,,PRUNED,0.19998916798000171,0.0023113561771959655,0.0029792838004592845,8
daily_2644t_risk_on_ridge,2081,,PRUNED,0.19030446605250526,0.0013046555643562835,0.004147292125654037,11
daily_2644t_risk_on_ridge,2082,,PRUNED,0.18090683759992507,0.000957890385062866,0.002124847940951802,9
daily_2644t_risk_on_ridge,2083,,PRUNED,0.2094390320243849,0.0016099654123895638,0.0024043420639393285,7
daily_2644t_risk_on_ridge,2084,,PRUNED,0.1976124387759238,0.0011463604925436022,0.0029949792836363918,13
daily_2644t_risk_on_ridge,2085,,PRUNED,0.17870606242070997,0.0015886140488692532,0.0035614657416270642,14
daily_2644t_risk_on_ridge,2086,,PRUNED,0.18972798264628699,0.0019423343331244423,0.0025055447157960255,15
daily_2644t_risk_on_ridge,2087,,PRUNED,0.20555676601508832,0.0022295101805338557,0.0021127675932022935,10
daily_2644t_risk_on_ridge,2088,,PRUNED,0.17489754764389348,0.0009776126451062294,0.0031536251635212705,9
daily_2644t_risk_on_ridge,2089,,PRUNED,0.1908700857606136,0.001276694400520738,0.0043823590080893015,5
daily_2644t_risk_on_ridge,2090,,PRUNED,0.18340019305062763,0.0009551764541504065,0.002745219988591694,17
daily_2644t_risk_on_ridge,2091,,PRUNED,0.20220475420046588,0.0014691754935630848,0.003385065588073567,12
daily_2644t_risk_on_ridge,2092,,PRUNED,0.20943032164161754,0.001169041670703275,0.0022285575614019075,6
daily_2644t_risk_on_ridge,2093,,PRUNED,0.19576992891939632,0.001716542851123138,0.0027899843153341036,13
daily_2644t_risk_on_ridge,2094,,PRUNED,0.2130474043167505,0.0008925811078326669,0.0023796724227335936,11
daily_2644t_risk_on_ridge,2095,,PRUNED,0.18322574175763703,0.0022618718906894145,0.003975372734323874,8
daily_2644t_risk_on_ridge,2096,,PRUNED,0.17396638133853834,0.0014140180588934652,0.003155854428518571,12
daily_2644t_risk_on_ridge,2097,,PRUNED,0.1950120176611245,0.0017016488299164828,0.001968241833580746,10
daily_2644t_risk_on_ridge,2098,,PRUNED,0.18569413271914567,0.0012565380488178905,0.0036592553405254305,16
daily_2644t_risk_on_ridge,2099,,PRUNED,0.20395819464329304,0.002281144102478898,0.0027047955711395196,7
daily_2644t_risk_on_ridge,2100,,PRUNED,0.19487824061861445,0.0008956524364298944,0.002276982513540892,9
daily_2644t_risk_on_ridge,2101,,PRUNED,0.17361706351239822,0.0011407074607421848,0.0020757409415403986,11
daily_2644t_risk_on_ridge,2102,,PRUNED,0.20504985902105327,0.0014743065278238834,0.003092559241973822,3
daily_2644t_risk_on_ridge,2103,,PRUNED,0.21559476160639593,0.0019232750780430437,0.004376719915687683,13
daily_2644t_risk_on_ridge,2104,,PRUNED,0.18151027540300813,0.0010307298775464066,0.0025352719824744507,15
daily_2644t_risk_on_ridge,2105,,PRUNED,0.19167887473451323,0.0014694270494353607,0.0027527997702223427,5
daily_2644t_risk_on_ridge,2106,,PRUNED,0.17291084237437102,0.0022628450762021304,0.00331754934330558,11
daily_2644t_risk_on_ridge,2107,,PRUNED,0.20334267101979947,0.001754718965557614,0.0019440255149081294,14
daily_2644t_risk_on_ridge,2108,,PRUNED,0.21667725896714196,0.001163920257409591,0.002446073220716954,9
daily_2644t_risk_on_ridge,2109,,PRUNED,0.1848123972502997,0.0009359270706393384,0.003706068700306092,10
daily_2644t_risk_on_ridge,2110,,PRUNED,0.19842777211998347,0.0013110508011071832,0.003161675033745951,18
daily_2644t_risk_on_ridge,2111,,PRUNED,0.1748237979303037,0.0014922982623693148,0.00285364079556867,8
daily_2644t_risk_on_ridge,2112,,PRUNED,0.2129229245899892,0.0008980047795474193,0.0020635565344054936,10
daily_2644t_risk_on_ridge,2113,,PRUNED,0.1940424800821759,0.001915415711437148,0.00402914990347267,7
daily_2644t_risk_on_ridge,2114,,PRUNED,0.1827042264215682,0.002327119687200189,0.0023225947846475937,12
daily_2644t_risk_on_ridge,2115,,PRUNED,0.1997587088128501,0.0012219376734323019,0.0019707653964730967,13
daily_2644t_risk_on_ridge,2116,,PRUNED,0.21237027021533764,0.001536524461199375,0.002673802511013036,1
daily_2644t_risk_on_ridge,2117,,PRUNED,0.18573817130978115,0.0011056948971935893,0.003055428272974643,8
daily_2644t_risk_on_ridge,2118,,PRUNED,0.17179856040998395,0.0017649033980645255,0.00444629830211039,11
daily_2644t_risk_on_ridge,2119,,PRUNED,0.19542135878531475,0.0008105757392301145,0.0035913701098918903,12
daily_2644t_risk_on_ridge,2120,,PRUNED,0.20970994247768274,0.002290218197852809,0.0023688264062024715,9
daily_2644t_risk_on_ridge,2121,,PRUNED,0.16948391506146293,0.0011790294253063306,0.0033105278789993535,16
daily_2644t_risk_on_ridge,2122,,PRUNED,0.19135747589746963,0.0014203391251856714,0.0020620889223695983,12
daily_2644t_risk_on_ridge,2123,,PRUNED,0.20385861855699094,0.0017914720619318478,0.002924752758882937,10
daily_2644t_risk_on_ridge,2124,,PRUNED,0.1801151925741059,0.0010155265366666234,0.0025778597551333444,14
daily_2644t_risk_on_ridge,2125,,PRUNED,0.21976027367411713,0.0014306781117269973,0.0021182290949880497,13
daily_2644t_risk_on_ridge,2126,,PRUNED,0.18612586977148865,0.002583062451911817,0.0036500567849307598,9
daily_2644t_risk_on_ridge,2127,,PRUNED,0.17287715997348596,0.0008602166315312169,0.0025280329818460163,11
daily_2644t_risk_on_ridge,2128,,PRUNED,0.20422181465067424,0.0019437460258317823,0.0019657583892034175,15
daily_2644t_risk_on_ridge,2129,,PRUNED,0.197720283399398,0.0012214413449971537,0.0034536848707264777,8
daily_2644t_risk_on_ridge,2130,,PRUNED,0.1877171199296216,0.0017171807046202185,0.0027634011183664624,6
daily_2644t_risk_on_ridge,2131,0.0006850022240541875,SUCCESS,0.2163421186167694,0.001072019993905846,0.004268758117785238,7
daily_2644t_risk_on_ridge,2132,,PRUNED,0.22046750595062448,1.2163738736071878,0.0031795830740982615,7
daily_2644t_risk_on_ridge,2133,,PRUNED,0.22005055181493627,0.0007983630539937337,0.00404372510077321,4
daily_2644t_risk_on_ridge,2134,,PRUNED,0.20707762819936223,0.0009090499851094653,0.0022656305942325783,6
daily_2644t_risk_on_ridge,2135,,PRUNED,0.21133068691235424,0.0009646187177771757,0.004858366376231536,8
daily_2644t_risk_on_ridge,2136,,PRUNED,0.21851192254089563,0.001094307102646002,0.0044292769011623516,5
daily_2644t_risk_on_ridge,2137,,PRUNED,0.21206679563661246,1.4108530049035517,0.002792936214637416,10
daily_2644t_risk_on_ridge,2138,,PRUNED,0.22307299686605558,0.0008922908717225484,0.004109073198207466,7
daily_2644t_risk_on_ridge,2139,,PRUNED,0.21489088915291255,0.0013612224500318983,0.0024043741505590252,10
daily_2644t_risk_on_ridge,2140,,PRUNED,0.20557005782995497,0.001069022528454275,0.003484632886752457,9
daily_2644t_risk_on_ridge,2141,,PRUNED,0.2259064576134417,0.001264774873344861,0.0018160002477383866,11
daily_2644t_risk_on_ridge,2142,,PRUNED,0.2005406444880674,0.0007804367736431012,0.003142010770059425,13
daily_2644t_risk_on_ridge,2143,,PRUNED,0.21359558958469005,0.0013865760265668948,0.0022134251999851315,9
daily_2644t_risk_on_ridge,2144,,PRUNED,0.19858375795254332,0.0009781539153555002,0.0026760661476639813,14
daily_2644t_risk_on_ridge,2145,,PRUNED,0.22378135723714537,0.0016269628094244912,0.0018855486108005635,10
daily_2644t_risk_on_ridge,2146,,PRUNED,0.20952098946620829,1.0736416704185339,0.003731342912637129,19
daily_2644t_risk_on_ridge,2147,,PRUNED,0.19145173392886294,0.0011923178100910028,0.002786065037500967,12
daily_2644t_risk_on_ridge,2148,,PRUNED,0.21763930602830758,0.0015875946196429196,0.0047096921137085804,8
daily_2644t_risk_on_ridge,2149,,PRUNED,0.19079993871249384,0.0008111293639345896,0.0031695334569685723,11
daily_2644t_risk_on_ridge,2150,,PRUNED,0.2026680581521258,0.001184501033836658,0.002490536452669454,3
daily_2644t_risk_on_ridge,2151,,PRUNED,0.20875793282376234,1.50000728914082,0.0018738278908030856,7
daily_2644t_risk_on_ridge,2152,,PRUNED,0.17813025362638568,0.0017989894831588794,0.004066969962127322,9
daily_2644t_risk_on_ridge,2153,,PRUNED,0.19954495933213534,0.0021567050795796633,0.0022896641764524536,17
daily_2644t_risk_on_ridge,2154,,PRUNED,0.18225109481640064,0.0011661426442308323,0.0030775279409906374,6
daily_2644t_risk_on_ridge,2155,,PRUNED,0.19176203914276752,0.0009950466786309894,0.0022172405472447886,15
daily_2644t_risk_on_ridge,2156,,PRUNED,0.22301375078674318,0.0015788057358907155,0.0035148888362566727,12
daily_2644t_risk_on_ridge,2157,,PRUNED,0.16842633273460472,0.0008148158063310053,0.002459741427860536,8
daily_2644t_risk_on_ridge,2158,,PRUNED,0.2149304997705562,0.00242223783364496,0.0028703759492038562,11
daily_2644t_risk_on_ridge,2159,,PRUNED,0.20218327094280192,0.0011853426813514213,0.001822686247385177,13
daily_2644t_risk_on_ridge,2160,,PRUNED,0.18011194922434365,0.001381301303663021,0.0038038535859560986,21
daily_2644t_risk_on_ridge,2161,,PRUNED,0.17084551553648133,0.0009667174770258779,0.004478365362589902,12
daily_2644t_risk_on_ridge,2162,,PRUNED,0.19422081870550834,0.0016974450125029153,0.0026132516656681955,9
daily_2644t_risk_on_ridge,2163,,PRUNED,0.21553354323483337,0.0020622190471270094,0.0020475332924569543,10
daily_2644t_risk_on_ridge,2164,,PRUNED,0.1893987526399475,0.001375480816771637,0.0030847121035677033,8
daily_2644t_risk_on_ridge,2165,,PRUNED,0.20828531118139823,0.0007501404656162688,0.003210547105246717,11
daily_2644t_risk_on_ridge,2166,,PRUNED,0.20133902561648898,0.0024548734384592075,0.00257460600957562,14
daily_2644t_risk_on_ridge,2167,,PRUNED,0.17412211205160136,0.001030652901801006,0.0022203107763519273,13
daily_2644t_risk_on_ridge,2168,,PRUNED,0.2303260405428038,0.0015050709829220622,0.004953022970771882,10
daily_2644t_risk_on_ridge,2169,,PRUNED,0.19679947592787325,0.0020047193143752575,0.0018302198824823007,7
daily_2644t_risk_on_ridge,2170,,PRUNED,0.17779249143093007,0.001560144390988383,0.0034371737603678693,9
daily_2644t_risk_on_ridge,2171,,PRUNED,0.1889106810971599,0.001207605856582633,0.002727861300211537,11
daily_2644t_risk_on_ridge,2172,,PRUNED,0.20856879211144622,1.6267825532779088,0.0041633165152235915,10
daily_2644t_risk_on_ridge,2173,,PRUNED,0.2215261793842851,0.001070131494077928,0.0020598944581483557,14
daily_2644t_risk_on_ridge,2174,,PRUNED,0.16760996296670136,0.0008097035563425207,0.002959210730587903,6
daily_2644t_risk_on_ridge,2175,,PRUNED,0.18459878707124208,1.0724021134238224,0.0023993350947345187,15
daily_2644t_risk_on_ridge,2176,,PRUNED,0.20330288974369523,0.0019027219892894455,0.0035341801370258915,8
daily_2644t_risk_on_ridge,2177,,PRUNED,0.19484973343098536,0.0014536774584483596,0.001898788273311247,11
daily_2644t_risk_on_ridge,2178,,PRUNED,0.22705867144033468,0.0012914450963339335,0.0027102848011475965,12
daily_2644t_risk_on_ridge,2179,,PRUNED,0.1680992282378172,0.0009684873488882599,0.00382588199918628,12
daily_2644t_risk_on_ridge,2180,,PRUNED,0.21361402417127984,0.002365940468702571,0.0030393930775572285,9
daily_2644t_risk_on_ridge,2181,,PRUNED,0.18119066133054787,0.0016722155558360698,0.00237486635265354,16
daily_2644t_risk_on_ridge,2182,,PRUNED,0.18871751097933967,0.0007800270885963,0.0018471620508457266,7
daily_2644t_risk_on_ridge,2183,,PRUNED,0.205315479477042,0.0010966187614347464,0.0021054911938647464,12
daily_2644t_risk_on_ridge,2184,,PRUNED,0.17661020686052323,0.001277614262436709,0.002858002854347533,4
daily_2644t_risk_on_ridge,2185,,PRUNED,0.21808812126300195,0.0020519066468134744,0.003380334391621768,9
daily_2644t_risk_on_ridge,2186,,PRUNED,0.19650195011456686,0.0009472651521220236,0.0024498307104127946,5
daily_2644t_risk_on_ridge,2187,,PRUNED,0.20915289291800968,0.002721207724688445,0.005135484098954382,13
